"=""3d6.4s2""","=""a 5D""",9,"="" 0.0000000""",
"=""3d6.4s2""","=""a 5D""",7,"="" 0.05156912""",
"=""3d6.4s2""","=""a 5D""",5,"="" 0.08728574""",
"=""3d6.4s2""","=""a 5D""",3,"="" 0.11011433""",
"=""3d6.4s2""","=""a 5D""",1,"="" 0.12126572""",
"=""3d7.(4F).4s""","=""a 5F""",11,"="" 0.85899575""",
"=""3d7.(4F).4s""","=""a 5F""",9,"="" 0.91460217""",
"=""3d7.(4F).4s""","=""a 5F""",7,"="" 0.95815732""",
"=""3d7.(4F).4s""","=""a 5F""",5,"="" 0.99011115""",
"=""3d7.(4F).4s""","=""a 5F""",3,"="" 1.01105568""",
"=""3d7.(4F).4s""","=""a 3F""",9,"="" 1.48486439""",
"=""3d7.(4F).4s""","=""a 3F""",7,"="" 1.55735733""",
"=""3d7.(4F).4s""","=""a 3F""",5,"="" 1.60789577""",
"=""3d7.(4P).4s""","=""a 5P""",7,"="" 2.17594512""",
"=""3d7.(4P).4s""","=""a 5P""",5,"="" 2.19786640""",
"=""3d7.(4P).4s""","=""a 5P""",3,"="" 2.22271209""",
"=""3d6.4s2""","=""a 3P2""",5,"="" 2.27860466""",
"=""3d6.(5D).4s.4p.(3P*)""","=""z 7D*""",11,"="" 2.39920471""",
"=""3d6.4s2""","=""a 3H""",13,"="" 2.40407444""",
"=""3d6.4s2""","=""a 3P2""",3,"="" 2.42419831""",
"=""3d6.(5D).4s.4p.(3P*)""","=""z 7D*""",9,"="" 2.42543332""",
"=""3d6.4s2""","=""a 3H""",11,"="" 2.43269470""",
"=""3d6.(5D).4s.4p.(3P*)""","=""z 7D*""",7,"="" 2.44955978""",
"=""3d6.4s2""","=""a 3H""",9,"="" 2.45343044""",
"=""3d6.(5D).4s.4p.(3P*)""","=""z 7D*""",5,"="" 2.46883473""",
"=""3d6.(5D).4s.4p.(3P*)""","=""z 7D*""",3,"="" 2.48211840""",
"=""3d6.4s2""","=""a 3P2""",1,"="" 2.48437256""",
"=""3d6.4s2""","=""b 3F2""",9,"="" 2.55917148""",
"=""3d6.4s2""","=""b 3F2""",7,"="" 2.58810592""",
"=""3d6.4s2""","=""b 3F2""",5,"="" 2.60850194""",
"=""3d7.(2G).4s""","=""a 3G""",11,"="" 2.69240763""",
"=""3d7.(2G).4s""","=""a 3G""",9,"="" 2.72754450""",
"=""3d7.(2G).4s""","=""a 3G""",7,"="" 2.75857762""",
"=""3d6.(5D).4s.4p.(3P*)""","=""z 7F*""",13,"="" 2.80829367""",
"=""3d7.(4P).4s""","=""b 3P""",5,"="" 2.83159117""",
"=""3d6.(5D).4s.4p.(3P*)""","=""z 7F*""",11,"="" 2.83252676""",
"=""3d7.(4P).4s""","=""b 3P""",3,"="" 2.84504259""",
"=""3d6.(5D).4s.4p.(3P*)""","=""z 7F*""",9,"="" 2.85122419""",
"=""3d7.(4P).4s""","=""b 3P""",1,"="" 2.85805275""",
"=""3d6.(5D).4s.4p.(3P*)""","=""z 7F*""",7,"="" 2.86539125""",
"=""3d6.(5D).4s.4p.(3P*)""","=""z 7F*""",5,"="" 2.87550352""",
"=""3d6.(5D).4s.4p.(3P*)""","=""z 7F*""",3,"="" 2.88199261""",
"=""3d6.(5D).4s.4p.(3P*)""","=""z 7F*""",1,"="" 2.88515991""",
"=""3d6.(5D).4s.4p.(3P*)""","=""z 7P*""",9,"="" 2.93984587""",
"=""3d6.4s2""","=""b 3G""",11,"="" 2.94879294""",
"=""3d6.4s2""","=""b 3G""",9,"="" 2.99035244""",
"=""3d6.(5D).4s.4p.(3P*)""","=""z 7P*""",7,"="" 2.99804479""",
"=""3d7.(2P).4s""","=""c 3P""",5,"="" 3.01725044""",
"=""3d6.4s2""","=""b 3G""",7,"="" 3.01762252""",
"=""3d6.(5D).4s.4p.(3P*)""","=""z 7P*""",5,"="" 3.03847046""",
"=""3d7.(2G).4s""","=""a 1G""",9,"="" 3.04686890""",
"=""3d7.(2P).4s""","=""c 3P""",3,"="" 3.07133880""",
"=""3d7.(2P).4s""","=""c 3P""",1,"="" 3.11096179""",
"=""3d6.(5D).4s.4p.(3P*)""","=""z 5D*""",9,"="" 3.21118938""",
"=""3d7.(2H).4s""","=""b 3H""",13,"="" 3.23672008""",
"=""3d6.(5D).4s.4p.(3P*)""","=""z 5D*""",7,"="" 3.24096914""",
"=""3d7.(2D2).4s""","=""a 3D""",7,"="" 3.25148176""",
"=""3d6.(5D).4s.4p.(3P*)""","=""z 5D*""",5,"="" 3.26570610""",
"=""3d7.(2H).4s""","=""b 3H""",11,"="" 3.26711257""",
"=""3d7.(2D2).4s""","=""a 3D""",3,"="" 3.27398440""",
"=""3d6.(5D).4s.4p.(3P*)""","=""z 5D*""",3,"="" 3.28302483""",
"=""3d6.(5D).4s.4p.(3P*)""","=""z 5D*""",1,"="" 3.29183986""",
"=""3d7.(2D2).4s""","=""a 3D""",5,"="" 3.30092244""",
"=""3d7.(2H).4s""","=""b 3H""",9,"="" 3.30140276""",
"=""3d6.(5D).4s.4p.(3P*)""","=""z 5F*""",11,"="" 3.33201954""",
"=""3d6.(5D).4s.4p.(3P*)""","=""z 5F*""",9,"="" 3.36825640""",
"=""3d6.(5D).4s.4p.(3P*)""","=""z 5F*""",7,"="" 3.39650880""",
"=""3d7.(2P).4s""","=""a 1P""",3,"="" 3.41489715""",
"=""3d6.(5D).4s.4p.(3P*)""","=""z 5F*""",5,"="" 3.41695281""",
"=""3d6.(5D).4s.4p.(3P*)""","=""z 5F*""",3,"="" 3.43018998""",
"=""3d7.(2D2).4s""","=""a 1D""",5,"="" 3.54652001""",
"=""3d7.(2H).4s""","=""a 1H""",11,"="" 3.57321890""",
"=""3d6.(5D).4s.4p.(3P*)""","=""z 5P*""",7,"="" 3.60252504""",
"=""3d6.4s2""","=""a 1I""",13,"="" 3.63434980""",
"=""3d6.4s2""","=""b 3D""",3,"="" 3.63521992""",
"=""3d6.4s2""","=""b 3D""",5,"="" 3.63977237""",
"=""3d6.4s2""","=""b 3D""",7,"="" 3.64164057""",
"=""3d6.(5D).4s.4p.(3P*)""","=""z 5P*""",5,"="" 3.65369332""",
"=""3d6.(5D).4s.4p.(3P*)""","=""z 5P*""",3,"="" 3.68638944""",
"=""3d6.4s2""","=""b 1G2""",9,"="" 3.69459719""",
"=""3d6.(5D).4s.4p.(3P*)""","=""z 3F*""",9,"="" 3.88160368""",
"=""3d6.(5D).4s.4p.(3P*)""","=""z 3D*""",7,"="" 3.88350907""",
"=""3d6.(5D).4s.4p.(3P*)""","=""z 3D*""",5,"="" 3.92860683""",
"=""3d6.(5D).4s.4p.(3P*)""","=""z 3F*""",7,"="" 3.94332623""",
"=""3d6.(5D).4s.4p.(3P*)""","=""z 3D*""",3,"="" 3.95972364""",
"=""3d6.(5D).4s.4p.(3P*)""","=""z 3F*""",5,"="" 3.98410712""",
"=""3d8""","=""c 3F""",9,"="" 4.07581091""",
"=""3d7.(4F).4p""","=""y 5D*""",9,"="" 4.10337372""",
"=""3d8""","=""c 3F""",7,"="" 4.14264893""",
"=""3d7.(4F).4p""","=""y 5D*""",7,"="" 4.15435379""",
"=""3d7.(4F).4p""","=""y 5F*""",11,"="" 4.17769679""",
"=""3d8""","=""c 3F""",5,"="" 4.18636440""",
"=""3d7.(4F).4p""","=""y 5D*""",5,"="" 4.19086081""",
"=""3d6.(5D).4s.4p.(3P*)""","=""z 3P*""",5,"="" 4.20888328""",
"=""3d7.(4F).4p""","=""y 5D*""",3,"="" 4.21758325""",
"=""3d7.(4F).4p""","=""y 5F*""",9,"="" 4.22036211""",
"=""3d7.(4F).4p""","=""y 5D*""",1,"="" 4.23053960""",
"=""3d7.(4F).4p""","=""y 5F*""",7,"="" 4.25622280""",
"=""3d6.(5D).4s.4p.(3P*)""","=""z 3P*""",3,"="" 4.26045326""",
"=""3d7.(4F).4p""","=""y 5F*""",5,"="" 4.28330826""",
"=""3d6.(5D).4s.4p.(3P*)""","=""z 3P*""",1,"="" 4.28434800""",
"=""3d6.4s2""","=""b 1D2""",5,"="" 4.29441489""",
"=""3d7.(4F).4p""","=""y 5F*""",3,"="" 4.30127816""",
"=""3d7.(4F).4p""","=""z 5G*""",11,"="" 4.31247059""",
"=""3d7.(4F).4p""","=""z 5G*""",13,"="" 4.32010008""",
"=""3d7.(4F).4p""","=""z 5G*""",9,"="" 4.37135106""",
"=""3d7.(4F).4p""","=""z 3G*""",11,"="" 4.38646275""",
"=""3d7.(4F).4p""","=""z 5G*""",7,"="" 4.41527878""",
"=""3d7.(4F).4p""","=""z 3G*""",9,"="" 4.43461275""",
"=""3d7.(4F).4p""","=""z 5G*""",5,"="" 4.44562726""",
"=""3d7.(4F).4p""","=""z 3G*""",7,"="" 4.47327202""",
"=""3d7.(4F).4p""","=""y 3F*""",9,"="" 4.54850612""",
"=""3d6.(5D).4s.4p.(1P*)""","=""y 5P*""",7,"="" 4.55852281""",
"=""3d7.(2F).4s""","=""d 3F""",5,"="" 4.58004944""",
"=""3d7.(2F).4s""","=""d 3F""",7,"="" 4.58438864""",
"=""3d7.(2F).4s""","=""d 3F""",9,"="" 4.59311043""",
"=""3d6.(5D).4s.4p.(1P*)""","=""y 5P*""",5,"="" 4.60695104""",
"=""3d7.(4F).4p""","=""y 3F*""",7,"="" 4.60759327""",
"=""3d6.(5D).4s.4p.(1P*)""","=""y 5P*""",3,"="" 4.63819369""",
"=""3d7.(4F).4p""","=""y 3F*""",5,"="" 4.65203107""",
"=""3d7.(4F).4p""","=""y 3D*""",7,"="" 4.73314079""",
"=""3d7.(4F).4p""","=""y 3D*""",5,"="" 4.79546566""",
"=""3d7.(4F).4p""","=""y 3D*""",3,"="" 4.83485507""",
"=""3d6.(5D).4s.4p.(1P*)""","=""x 5D*""",9,"="" 4.91297355""",
"=""3d6.(5D).4s.4p.(1P*)""","=""x 5D*""",7,"="" 4.95563019""",
"=""3d5.(6S).4s2.4p""","=""y 7P*""",5,"="" 4.96581946""",
"=""3d5.(6S).4s2.4p""","=""y 7P*""",7,"="" 4.98504395""",
"=""3d6.(5D).4s.4p.(1P*)""","=""x 5D*""",5,"="" 4.98804995""",
"=""3d6.(5D).4s.4p.(1P*)""","=""x 5F*""",11,"="" 4.99127081""",
"=""3d6.(5D).4s.4p.(1P*)""","=""x 5D*""",3,"="" 5.00952178""",
"=""3d5.(6S).4s2.4p""","=""y 7P*""",9,"="" 5.01168158""",
"=""3d6.(5D).4s.4p.(1P*)""","=""x 5D*""",1,"="" 5.02027939""",
"=""3d6.(5D).4s.4p.(1P*)""","=""x 5F*""",9,"="" 5.03306811""",
"=""3d6.(5D).4s.4p.(1P*)""","=""x 5F*""",7,"="" 5.06378173""",
"=""3d8""","=""3P""",5,"="" 5.06740926""",
"=""3d6.(3P2).4s.4p.(3P*)""","=""z 5S*""",5,"="" 5.07033256""",
"=""3d6.(5D).4s.4p.(1P*)""","=""x 5F*""",5,"="" 5.08559017""",
"=""3d6.(5D).4s.4p.(1P*)""","=""x 5F*""",3,"="" 5.09954435""",
"=""3d8""","=""3P""",3,"="" 5.10547240""",
"=""3d8""","=""3P""",1,"="" 5.11242705""",
"=""3d6.(3P2).4s.4p.(3P*)""","=""x 5P*""",7,"="" 5.27338780""",
"=""3d6.(3H).4s.4p.(3P*)""","=""y 5G*""",13,"="" 5.30458359""",
"=""3d6.(5D).4s (6D).5s""","=""e 7D""",11,"="" 5.30848946""",
"=""3d6.(3P2).4s.4p.(3P*)""","=""x 5P*""",5,"="" 5.31393522""",
"=""3d6.(3H).4s.4p.(3P*)""","=""z 5I*""",13,"="" 5.31940082""",
"=""3d6.(3H).4s.4p.(3P*)""","=""y 5G*""",11,"="" 5.32039963""",
"=""3d6.(3H).4s.4p.(3P*)""","=""z 5H*""",11,"="" 5.33029109""",
"=""3d6.(3H).4s.4p.(3P*)""","=""y 5G*""",9,"="" 5.33417031""",
"=""3d6.(3P2).4s.4p.(3P*)""","=""x 5P*""",3,"="" 5.34111814""",
"=""3d6.(3H).4s.4p.(3P*)""","=""z 5H*""",9,"="" 5.34482452""",
"=""3d6.(3H).4s.4p.(3P*)""","=""y 5G*""",7,"="" 5.34836675""",
"=""3d6.(5D).4s (6D).5s""","=""e 7D""",9,"="" 5.35157038""",
"=""3d6.(3H).4s.4p.(3P*)""","=""y 5G*""",5,"="" 5.35736031""",
"=""3d6.(3H).4s.4p.(3P*)""","=""z 5H*""",13,"="" 5.3711314?""",
"=""3d6.(3H).4s.4p.(3P*)""","=""z 5H*""",7,"="" 5.37173492""",
"=""3d6.(5D).4s (6D).5s""","=""e 7D""",7,"="" 5.38520741""",
"=""3d6.(3H).4s.4p.(3P*)""","=""z 5I*""",9,"="" 5.3862090""",
"=""3d6.(3H).4s.4p.(3P*)""","=""z 5I*""",11,"="" 5.38836827""",
"=""3d6.(3P2).4s.4p.(3P*)""","=""w 5D*""",9,"="" 5.39325126""",
"=""3d6.(5D).4s (6D).5s""","=""e 7D""",5,"="" 5.40986861""",
"=""3d6.(5D).4s (6D).5s""","=""e 7D""",3,"="" 5.42604198""",
"=""3d6.(3P2).4s.4p.(3P*)""","=""w 5D*""",7,"="" 5.44571679""",
"=""3d6.(3F2).4s.4p.(3P*)""","=""v 5D*""",9,"="" 5.45809748""",
"=""3d6.(3F2).4s.4p.(3P*)""","=""v 5D*""",7,"="" 5.47591165""",
"=""3d6.(3P2).4s.4p.(3P*)""","=""w 5D*""",5,"="" 5.47807170""",
"=""3d6.(3F2).4s.4p.(3P*)""","=""w 5F*""",11,"="" 5.48551782""",
"=""3d6.(3F2).4s.4p.(3P*)""","=""w 5F*""",5,"="" 5.49069652""",
"=""3d6.(3F2).4s.4p.(3P*)""","=""w 5F*""",3,"="" 5.50221316""",
"=""3d6.(3P2).4s.4p.(3P*)""","=""w 5D*""",3,"="" 5.50628207""",
"=""3d6.(3F2).4s.4p.(3P*)""","=""w 5F*""",9,"="" 5.50676735""",
"=""3d6.(3P2).4s.4p.(3P*)""","=""w 5D*""",1,"="" 5.51220530""",
"=""3d7.(4P).4p""","=""y 5S*""",5,"="" 5.51876133""",
"=""3d6.(3F2).4s.4p.(3P*)""","=""w 5F*""",7,"="" 5.52366156""",
"=""3d6.(3F2).4s.4p.(3P*)""","=""v 5D*""",5,"="" 5.53763954""",
"=""3d6.(5D).4s (6D).5s""","=""e 5D""",9,"="" 5.53924278""",
"=""3d6.(3F2).4s.4p.(3P*)""","=""v 5D*""",3,"="" 5.54962521""",
"=""3d6.(3F2).4s.4p.(3P*)""","=""v 5D*""",1,"="" 5.55782726""",
"=""3d6.(5D).4s (6D).5s""","=""e 5D""",7,"="" 5.58689276""",
"=""3d6.(3P2).4s.4p.(3P*)""","=""x 3D*""",7,"="" 5.60664989""",
"=""3d6.(3P2).4s.4p.(3P*)""","=""x 3D*""",5,"="" 5.61423177""",
"=""3d6.(3H).4s.4p.(3P*)""","=""y 3G*""",11,"="" 5.61584517""",
"=""3d6.(5D).4s (6D).5s""","=""e 5D""",5,"="" 5.62068415""",
"=""3d6.(3H).4s.4p.(3P*)""","=""y 3G*""",9,"="" 5.63240401""",
"=""3d6.(5D).4s (6D).5s""","=""e 5D""",3,"="" 5.64241573""",
"=""3d6.(3P2).4s.4p.(3P*)""","=""x 3D*""",3,"="" 5.64769932""",
"=""3d6.(3H).4s.4p.(3P*)""","=""y 3G*""",7,"="" 5.64908881""",
"=""3d6.(5D).4s (6D).5s""","=""e 5D""",1,"="" 5.65307019""",
"=""3d6.(3F2).4s.4p.(3P*)""","=""x 5G*""",13,"="" 5.65471608""",
"=""3d6.(3F2).4s.4p.(3P*)""","=""x 5G*""",11,"="" 5.66931758""",
"=""3d6.(3F2).4s.4p.(3P*)""","=""x 5G*""",9,"="" 5.68259542""",
"=""3d6.(3F2).4s.4p.(3P*)""","=""x 5G*""",7,"="" 5.6925481""",
"=""3d6.(3F2).4s.4p.(3P*)""","=""x 5G*""",5,"="" 5.69892835""",
"=""3d6.(3H).4s.4p.(3P*)""","=""z 3I*""",15,"="" 5.70054647""",
"=""3d6.(3H).4s.4p.(3P*)""","=""z 3I*""",13,"="" 5.70661711""",
"=""3d6.(3H).4s.4p.(3P*)""","=""z 3I*""",11,"="" 5.72011266""",
"=""3d7.(4P).4p""","=""w 5P*""",7,"="" 5.72027099""",
"=""3d7.(4P).4p""","=""w 5P*""",5,"="" 5.74214676""",
"=""3d7.(4P).4p""","=""w 5P*""",3,"="" 5.75415389""",
"=""3d6.(3P2).4s.4p.(3P*)""","=""z 3S*""",3,"="" 5.77776507""",
"=""3d6.(3P2).4s.4p.(3P*)""","=""y 3P*""",1,"="" 5.7866575""",
"=""3d7.(4P).4p""","=""u 5D*""",9,"="" 5.79264615""",
"=""3d6.(3P2).4s.4p.(3P*)""","=""y 3P*""",5,"="" 5.79341882""",
"=""3d7.(4P).4p""","=""u 5D*""",7,"="" 5.79564049""",
"=""3d7.(4P).4p""","=""u 5D*""",5,"="" 5.81343520""",
"=""3d6.(3F2).4s.4p.(3P*)""","=""x 3F*""",9,"="" 5.81351269""",
"=""3d6.(3P2).4s.4p.(3P*)""","=""y 3P*""",3,"="" 5.81508605""",
"=""3d6.(3H).4s.4p.(3P*)""","=""z 3H*""",13,"="" 5.82506529""",
"=""3d7.(4F).5s""","=""e 5F""",11,"="" 5.82793998""",
"=""3d6.(3H).4s.4p.(3P*)""","=""z 3H*""",11,"="" 5.82829520""",
"=""3d7.(4P).4p""","=""w 3D*""",7,"="" 5.82938837""",
"=""3d6.(3F2).4s.4p.(3P*)""","=""x 3F*""",7,"="" 5.83875215""",
"=""3d6.(3H).4s.4p.(3P*)""","=""z 3H*""",9,"="" 5.84045966""",
"=""3d7.(4P).4p""","=""w 3D*""",5,"="" 5.84412959""",
"=""3d7.(4P).4p""","=""u 5D*""",1,"="" 5.84852446""",
"=""3d7.(4P).4p""","=""u 5D*""",3,"="" 5.84923154""",
"=""3d6.(3F2).4s.4p.(3P*)""","=""x 3F*""",5,"="" 5.85168345""",
"=""3d7.(4P).4p""","=""w 3D*""",3,"="" 5.86098438""",
"=""3d6.(3G).4s.4p.(3P*)""","=""w 5G*""",13,"="" 5.87231021""",
"=""3d7.(4F).5s""","=""e 5F""",9,"="" 5.87411777""",
"=""3d6.(3P2).4s.4p.(3P*)""","=""1D*""",5,"="" 5.87929188""",
"=""3d6.(3G).4s.4p.(3P*)""","=""w 5G*""",11,"="" 5.87935896""",
"=""3d7.(2G).4p""","=""z 1G*""",9,"="" 5.88338708""",
"=""3d7.(4P).4p""","=""y 3S*""",3,"="" 5.89614419""",
"=""3d6.(3G).4s.4p.(3P*)""","=""w 5G*""",9,"="" 5.90041395""",
"=""3d6.(3G).4s.4p.(3P*)""","=""v 5F*""",11,"="" 5.90240588""",
"=""3d6.(3G).4s.4p.(3P*)""","=""w 5G*""",7,"="" 5.91320801""",
"=""3d7.(4F).5s""","=""e 5F""",7,"="" 5.92093198""",
"=""3d6.(3F2).4s.4p.(3P*)""","=""x 3G*""",9,"="" 5.92794713""",
"=""3d6.(3G).4s.4p.(3P*)""","=""w 5G*""",5,"="" 5.93030716""",
"=""3d6.(3F2).4s.4p.(3P*)""","=""x 3G*""",7,"="" 5.93068755""",
"=""3d6.(3F2).4s.4p.(3P*)""","=""x 3G*""",11,"="" 5.93072834""",
"=""3d6.(3G).4s.4p.(3P*)""","=""y 5H*""",13,"="" 5.93328155""",
"=""3d6.(3G).4s.4p.(3P*)""","=""v 5F*""",9,"="" 5.94256226""",
"=""3d7.(4F).5s""","=""e 3F""",9,"="" 5.94639870""",
"=""3d5.(6S).4s2.4p""","=""v 5P*""",7,"="" 5.94709859""",
"=""3d7.(4F).5s""","=""e 5F""",5,"="" 5.95578840""",
"=""3d6.(3H).4s.4p.(3P*)""","=""1I*""",13,"="" 5.96342830""",
"=""3d6.(3G).4s.4p.(3P*)""","=""v 5F*""",7,"="" 5.96648265""",
"=""3d5.(6S).4s2.4p""","=""v 5P*""",5,"="" 5.97150625""",
"=""3d7.(4F).5s""","=""e 5F""",3,"="" 5.97868220""",
"=""3d6.(3G).4s.4p.(3P*)""","=""y 5H*""",11,"="" 5.97991659""",
"=""3d6.(3G).4s.4p.(3P*)""","=""v 5F*""",5,"="" 5.98085478""",
"=""3d5.(6S).4s2.4p""","=""v 5P*""",3,"="" 5.98718095""",
"=""3d7.(4P).4p""","=""x 3P*""",5,"="" 5.98901244""",
"=""3d6.(3G).4s.4p.(3P*)""","=""v 5F*""",3,"="" 5.99471113""",
"=""3d6.(3G).4s.4p.(3P*)""","=""y 5H*""",9,"="" 5.99610917""",
"=""3d7.(2G).4p""","=""z 1H*""",11,"="" 5.99867825""",
"=""3d7.(4P).4p""","=""x 3P*""",1,"="" 6.00828827""",
"=""3d6.(3G).4s.4p.(3P*)""","=""y 5H*""",7,"="" 6.01021907""",
"=""3d7.(4P).4p""","=""x 3P*""",3,"="" 6.01523448""",
"=""3d7.(4F).5s""","=""e 3F""",7,"="" 6.01718438""",
"=""3d6.(3H).4s.4p.(3P*)""","=""y 1G*""",9,"="" 6.03834476""",
"=""3d7.(4F).5s""","=""e 3F""",5,"="" 6.06634697""",
"=""3d7.(2G).4p""","=""w 3F*""",9,"="" 6.08872711""",
"=""3d6.(3F2).4s.4p.(3P*)""","=""v 3D*""",7,"="" 6.09196644""",
"=""3d6.(3F2).4s.4p.(3P*)""","=""v 3D*""",5,"="" 6.10530689""",
"=""3d7.(2G).4p""","=""w 3F*""",7,"="" 6.10533975""",
"=""3d6.(3F2).4s.4p.(3P*)""","=""v 3D*""",3,"="" 6.11212776""",
"=""3d6.(5D).4s (6D).5p""","=""n 7D*""",11,"="" 6.11891044""",
"=""3d7.(2G).4p""","=""w 3F*""",5,"="" 6.12892712""",
"=""3d7.(2G).4p""","=""y 3H*""",13,"="" 6.12905507""",
"=""3d7.(2G).4p""","=""v 3G*""",11,"="" 6.13237029""",
"=""3d6.(3F2).4s.4p.(3P*)""","=""1F*""",7,"="" 6.13438193""",
"=""3d6.(5D).4s (6D).5p""","=""n 7D*""",9,"="" 6.14449991""",
"=""3d7.(2G).4p""","=""y 3H*""",11,"="" 6.15016512""",
"=""3d7.(2G).4p""","=""v 3G*""",9,"="" 6.15307342""",
"=""3d7.(2G).4p""","=""y 3H*""",9,"="" 6.16536100""",
"=""3d6.(5D).4s (6D).5p""","=""n 7F*""",13,"="" 6.16922335""",
"=""3d6.(5D).4s (6D).5p""","=""n 7D*""",7,"="" 6.17506487""",
"=""3d7.(2G).4p""","=""v 3G*""",7,"="" 6.18068544""",
"=""3d7.(2P).4p""","=""w 3P*""",1,"="" 6.19317735""",
"=""3d6.(5D).4s (6D).5p""","=""n 7D*""",5,"="" 6.20026651""",
"=""3d7.(2P).4p""","=""w 3P*""",3,"="" 6.20456765""",
"=""3d6.(5D).4s (6D).5p""","=""n 7F*""",11,"="" 6.20568115""",
"=""3d6.(5D).4s (6D).5p""","=""n 7D*""",3,"="" 6.21813227""",
"=""3d6.(5D).4s (6D).5p""","=""n 7P*""",9,"="" 6.22223912""",
"=""3d7.(2P).4p""","=""w 3P*""",5,"="" 6.22237439""",
"=""3d6.(5D).4s (6D).5p""","=""n 7F*""",9,"="" 6.23680503""",
"=""3d6.(5D).4s (6D).4d""","=""e 7F""",13,"="" 6.24162851""",
"=""3d6.(5D).4s (6D).4d""","=""f 7D""",11,"="" 6.24606454""",
"=""3d6.(5D).4s (6D).4d""","=""f 5D""",9,"="" 6.25167222""",
"=""3d6.(5D).4s (6D).5p""","=""n 7F*""",7,"="" 6.25289818""",
"=""3d6.(5D).4s (6D).4d""","=""e 7P""",9,"="" 6.25813812""",
"=""3d6.(5D).4s (6D).4d""","=""e 5G""",13,"="" 6.26404671""",
"=""3d6.(5D).4s (6D).4d""","=""f 5D""",7,"="" 6.26546671""",
"=""3d6.(5D).4s (6D).5p""","=""n 7F*""",5,"="" 6.26811563""",
"=""3d7.(2G).4p""","=""z 1F*""",7,"="" 6.27197352""",
"=""3d6.(5D).4s (6D).4d""","=""e 7P""",7,"="" 6.27499663""",
"=""3d6.(3F2).4s.4p.(3P*)""","=""x 1G*""",9,"="" 6.27533411""",
"=""3d6.(5D).4s (6D).5p""","=""n 7F*""",3,"="" 6.27700207""",
"=""3d6.(5D).4s (6D).5p""","=""n 7P*""",7,"="" 6.27711812""",
"=""3d6.(5D).4s (6D).4d""","=""e 7G""",15,"="" 6.28000199""",
"=""3d6.(5D).4s (6D).5p""","=""n 7F*""",1,"="" 6.28100019""",
"=""3d6.(5D).4s (6D).4d""","=""f 5D""",5,"="" 6.28582776""",
"=""3d6.(5D).4s (6D).4d""","=""e 5G""",11,"="" 6.28647868""",
"=""3d6.(5D).4s (6D).4d""","=""f 7D""",9,"="" 6.29938878""",
"=""3d6.(5D).4s (6D).4d""","=""e 7F""",11,"="" 6.30254306""",
"=""3d6.(5D).4s (6D).4d""","=""e 7P""",5,"="" 6.30600086""",
"=""3d6.(5D).4s (6D).4d""","=""f 7D""",7,"="" 6.30606149""",
"=""3d6.(5D).4s (6D).4d""","=""f 5D""",3,"="" 6.30832866""",
"=""3d6.(5D).4s (6D).5p""","=""n 7P*""",5,"="" 6.31094101""",
"=""3d6.(5D).4s (6D).4d""","=""e 7G""",13,"="" 6.31920567""",
"=""3d6.(5D).4s (6D).4d""","=""e 5G""",9,"="" 6.32066224""",
"=""3d6.(5D).4s (6D).4d""","=""f 5D""",1,"="" 6.32083991""",
"=""3d6.(5D).4s (6D).4d""","=""f 7D""",5,"="" 6.32302612""",
"=""3d6.(5D).4s (6D).5p""","=""u 5F*""",11,"="" 6.32525970""",
"=""3d6.(3G).4s.4p.(3P*)""","=""x 3H*""",13,"="" 6.32606584""",
"=""3d6.(5D).4s (6D).4d""","=""f 7D""",3,"="" 6.32915863""",
"=""3d6.(3G).4s.4p.(3P*)""","=""x 3H*""",11,"="" 6.33171407""",
"=""3d6.(5D).4s (6D).5p""","=""t 5D*""",9,"="" 6.33269478""",
"=""3d6.(5D).4s (6D).4d""","=""f 5F""",11,"="" 6.33598817""",
"=""3d6.(5D).4s (6D).4d""","=""e 7F""",7,"="" 6.34164892""",
"=""3d6.(5D).4s (6D).4d""","=""e 5S""",5,"="" 6.34165661""",
"=""3d6.(5D).4s (6D).4d""","=""e 7F""",9,"="" 6.34703293""",
"=""3d7.(2D2).4p""","=""v 3F*""",5,"="" 6.34815078""",
"=""3d6.(5D).4s (6D).4d""","=""e 7F""",3,"="" 6.34898259""",
"=""3d6.(5D).4s (6D).4d""","=""e 5G""",7,"="" 6.35034852""",
"=""3d6.(5D).4s (6D).4d""","=""e 7G""",11,"="" 6.35153108""",
"=""3d6.(5D).4s (4D).5s""","=""e 3D""",7,"="" 6.35967275""",
"=""3d7.(2D2).4p""","=""v 3F*""",9,"="" 6.36096020""",
"=""3d6.(5D).4s (6D).4d""","=""e 7F""",5,"="" 6.36423934""",
"=""3d6.(5D).4s (6D).4d""","=""e 7G""",9,"="" 6.36471779""",
"=""3d6.(5D).4s (4D).5s""","=""g 5D""",9,"="" 6.36664959""",
"=""3d6.(5D).4s (6D).5p""","=""t 5D*""",7,"="" 6.36800089""",
"=""3d7.(2D2).4p""","=""v 3F*""",7,"="" 6.36848691""",
"=""3d6.(5D).4s (6D).4d""","=""e 5G""",5,"="" 6.36908625""",
"=""3d7.(2H).4p""","=""u 3G*""",11,"="" 6.36955305""",
"=""3d6.(5D).4s (6D).5p""","=""u 5F*""",9,"="" 6.37048876""",
"=""3d6.(3G).4s.4p.(3P*)""","=""x 3H*""",9,"="" 6.37391903""",
"=""3d6.(5D).4s (6D).4d""","=""e 7G""",7,"="" 6.38029108""",
"=""3d6.(5D).4s (6D).4d""","=""f 5F""",9,"="" 6.38043390""",
"=""3d6.(5D).4s (6D).4d""","=""e 7G""",5,"="" 6.39011087""",
"=""3d6.(5D).4s (6D).4d""","=""e 7G""",3,"="" 6.39346861""",
"=""3d6.(5D).4s (6D).4d""","=""e 7S""",7,"="" 6.39387714""",
"=""3d6.(5D).4s (6D).4d""","=""f 5F""",7,"="" 6.39809335""",
"=""3d6.(5D).4s (6D).5p""","=""u 5F*""",7,"="" 6.39994976""",
"=""3d6.(5D).4s (6D).5p""","=""t 5D*""",5,"="" 6.40130429""",
"=""3d6.(3H).4s.4p.(3P*)""","=""1H*""",11,"="" 6.40132623""",
"=""3d7.(2H).4p""","=""u 3G*""",9,"="" 6.40603863""",
"=""3d6.(5D).4s (6D).5p""","=""u 5P*""",7,"="" 6.40899243""",
"=""3d6.(5D).4s (6D).4d""","=""f 5F""",5,"="" 6.41060472""",
"=""3d7.(2P).4p""","=""y 1D*""",5,"="" 6.41101300""",
"=""3d6.(5D).4s (4D).5s""","=""e 3D""",5,"="" 6.41493251""",
"=""3d6.(5D).4s (6D).4d""","=""f 5F""",3,"="" 6.41673983""",
"=""3d6.(3H).4s.4p.(3P*)""","=""x 1D*""",5,"="" 6.41767950""",
"=""3d6.(5D).4s (4D).5s""","=""g 5D""",7,"="" 6.41873101""",
"=""3d7.(2H).4p""","=""u 3G*""",7,"="" 6.42557692""",
"=""3d6.(5D).4s (6D).5p""","=""u 5F*""",5,"="" 6.42578026""",
"=""3d6.(5D).4s (6D).5p""","=""t 5D*""",3,"="" 6.42583493""",
"=""3d6.(5D).4s (6D).4d""","=""e 5P""",7,"="" 6.42699840""",
"=""3d6.(5D).4s (6D).5p""","=""t 5D*""",1,"="" 6.43993020""",
"=""3d6.(5D).4s (6D).5p""","=""u 5P*""",5,"="" 6.44033241""",
"=""3d6.(5D).4s (6D).5p""","=""u 5F*""",3,"="" 6.44046048""",
"=""3d7.(2P).4p""","=""u 3D*""",7,"="" 6.44334733""",
"=""3d6.(5D).4s (6D).4d""","=""e 5P""",3,"="" 6.44961696""",
"=""3d6.(5D).4s (4D).5s""","=""e 3D""",3,"="" 6.45212430""",
"=""3d6.(5D).4s (4D).5s""","=""g 5D""",5,"="" 6.45335558""",
"=""3d6.(5D).4s (6D).4d""","=""e 5P""",5,"="" 6.45554341""",
"=""3d6.(5D).4s (6D).5p""","=""u 5P*""",3,"="" 6.46089109""",
"=""3d7.(2P).4p""","=""1P*""",3,"="" 6.46959714""",
"=""3d7.(2D2).4p""","=""t 3D*""",7,"="" 6.47361547""",
"=""3d6.(5D).4s (4D).5s""","=""g 5D""",3,"="" 6.47375371""",
"=""3d6.(5D).4s (4D).5s""","=""g 5D""",1,"="" 6.47908516""",
"=""3d7.(2P).4p""","=""u 3D*""",5,"="" 6.48399171""",
"=""3d7.(2H).4p""","=""w 3H*""",13,"="" 6.50067093""",
"=""3d7.(2P).4p""","=""u 3D*""",3,"="" 6.51071489""",
"=""3d7.(2H).4p""","=""y 3I*""",13,"="" 6.51085164""",
"=""3d7.(2H).4p""","=""w 3H*""",11,"="" 6.52319179""",
"=""3d7.(2H).4p""","=""y 3I*""",15,"="" 6.5283870""",
"=""3d7.(2D2).4p""","=""t 3D*""",5,"="" 6.53184961""",
"=""3d7.(2H).4p""","=""w 3H*""",9,"="" 6.5424903""",
"=""3d7.(4F).5p""","=""3G*""",11,"="" 6.54723369""",
"=""3d7.(2D2).4p""","=""t 3D*""",3,"="" 6.55353246""",
"=""3d7.(2H).4p""","=""y 3I*""",11,"="" 6.5586399""",
"=""3d7.(2D2).4p""","=""v 3P*""",5,"="" 6.56078442""",
"=""3d6.(3G).4s.4p.(3P*)""","=""x 3F*""",9,"="" 6.56541325""",
"=""3d7.(4F).4d""","=""g 5F""",11,"="" 6.57876498""",
"=""3d7.(4F).5p""","=""5G*""",13,"="" 6.57976169""",
"=""3d7.(4F).5p""","=""5F*""",11,"="" 6.58167501""",
"=""3d7.(2H).4p""","=""1I*""",13,"="" 6.58275864""",
"=""3d7.(4F).4d""","=""h 5D""",9,"="" 6.59039805""",
"=""3d7.(4F).4d""","=""f 5P""",7,"="" 6.59107351""",
"=""3d7.(4F).4d""","=""f 5G""",13,"="" 6.59213395""",
"=""3d7.(2D2).4p""","=""v 3P*""",3,"="" 6.59967157""",
"=""3d7.(4F).4d""","=""e 5H""",15,"="" 6.60528086""",
"=""3d7.(4F).4d""","=""f 5G""",11,"="" 6.60608750""",
"=""3d6.(3G).4s.4p.(3P*)""","=""y 1H*""",11,"="" 6.6100239""",
"=""3d7.(4F).5p""","=""3F*""",9,"="" 6.61193286""",
"=""3d7.(4F).4d""","=""e 5H""",13,"="" 6.61492758""",
"=""3d6.(3G).4s.4p.(3P*)""","=""x 3F*""",7,"="" 6.61548873""",
"=""3d7.(4F).5p""","=""5F*""",9,"="" 6.61934736""",
"=""3d7.(4F).4d""","=""g 5F""",9,"="" 6.61997175""",
"=""3d7.(4F).4d""","=""h 5D""",7,"="" 6.63883718""",
"=""3d7.(4F).4d""","=""f 5P""",5,"="" 6.64167865""",
"=""3d7.(4F).5p""","=""5G*""",11,"="" 6.64388049""",
"=""3d7.(4F).5p""","=""5D*""",9,"="" 6.64684396""",
"=""3d7.(4F).5p""","=""5F*""",7,"="" 6.65312587""",
"=""3d6.(3D).4s.4p.(3P*)""","=""5F*""",3,"="" 6.6575630""",
"=""3d6.(3D).4s.4p.(3P*)""","=""5F*""",5,"="" 6.66081289""",
"=""3d6.(3D).4s.4p.(3P*)""","=""5F*""",7,"="" 6.66211658""",
"=""3d7.(4F).4d""","=""e 3G""",11,"="" 6.66284114""",
"=""3d7.(4F).4d""","=""f 3D""",7,"="" 6.66384071""",
"=""3d6.(3G).4s.4p.(3P*)""","=""x 3F*""",5,"="" 6.66407690""",
"=""3d7.(2D2).4p""","=""x 1F*""",7,"="" 6.66579718""",
"=""3d7.(4F).4d""","=""f 5G""",9,"="" 6.66650376""",
"=""3d7.(4F).5p""","=""5D*""",7,"="" 6.66845912""",
"=""3d6.(5D).4s (6D).6s""","=""g 7D""",11,"="" 6.67045638""",
"=""3d7.(2P).4p""","=""x 3S*""",3,"="" 6.67138589""",
"=""3d7.(4F).4d""","=""g 5F""",7,"="" 6.67419029""",
"=""3d7.(4F).5p""","=""3D*""",7,"="" 6.67504280""",
"=""3d7.(4F).4d""","=""e 3H""",13,"="" 6.67538611""",
"=""3d7.(4F).5p""","=""5G*""",9,"="" 6.67681119""",
"=""3d7.(4F).4d""","=""e 5H""",11,"="" 6.67955657""",
"=""3d6.(3D).4s.4p.(3P*)""","=""5F*""",9,"="" 6.68049253""",
"=""3d6.(3D).4s.4p.(3P*)""","=""5D*""",7,"="" 6.68169765""",
"=""3d6.(3D).4s.4p.(3P*)""","=""5D*""",5,"="" 6.68436257""",
"=""3d7.(4F).4d""","=""f 5P""",3,"="" 6.68587270""",
"=""3d7.(4F).4d""","=""h 5D""",5,"="" 6.69101333""",
"=""3d6.(3D).4s.4p.(3P*)""","=""5D*""",3,"="" 6.6921394""",
"=""3d6.(3G).4s.4p.(3P*)""","=""t 3G*""",11,"="" 6.6930753""",
"=""3d6.(3D).4s.4p.(3P*)""","=""t 5P*""",7,"="" 6.69573167""",
"=""3d6.(3D).4s.4p.(3P*)""","=""5F*""",11,"="" 6.69685175""",
"=""3d7.(4F).5p""","=""3G*""",9,"="" 6.69732648""",
"=""3d7.(4F).5p""","=""5F*""",5,"="" 6.70041939""",
"=""3d7.(4F).4d""","=""e 3G""",9,"="" 6.70339390""",
"=""3d7.(4F).4d""","=""f 3D""",5,"="" 6.70342551""",
"=""3d6.(3D).4s.4p.(3P*)""","=""t 5P*""",5,"="" 6.70906146""",
"=""3d6.(5D).4s (6D).6s""","=""g 7D""",9,"="" 6.71061300""",
"=""3d7.(4F).4d""","=""h 5D""",3,"="" 6.71158094""",
"=""3d7.(4F).5p""","=""5G*""",7,"="" 6.71184181""",
"=""3d7.(4F).4d""","=""f 5G""",7,"="" 6.71512541""",
"=""3d7.(4F).5p""","=""5F*""",3,"="" 6.72297125""",
"=""3d7.(4F).4d""","=""e 5H""",9,"="" 6.72455738""",
"=""3d6.(3G).4s.4p.(3P*)""","=""t 3G*""",9,"="" 6.72458242""",
"=""3d7.(4F).4d""","=""g 5F""",5,"="" 6.72707289""",
"=""3d7.(4F).5p""","=""5G*""",5,"="" 6.72709484""",
"=""3d7.(4F).4d""","=""e 3H""",11,"="" 6.72821528""",
"=""3d6.(3D).4s.4p.(3P*)""","=""t 5P*""",3,"="" 6.72875412""",
"=""3d7.(4F).5p""","=""3F*""",7,"="" 6.73098236""",
"=""3d6.(3D).4s.4p.(3P*)""","=""5D*""",9,"="" 6.73250811""",
"=""3d7.(4F).5p""","=""3D*""",5,"="" 6.73764589""",
"=""3d7.(4F).5p""","=""3G*""",7,"="" 6.73945929""",
"=""3d7.(4F).4d""","=""f 5G""",5,"="" 6.74172473""",
"=""3d7.(4F).4d""","=""e 3G""",7,"="" 6.74218434""",
"=""3d7.(4F).4d""","=""g 5F""",3,"="" 6.74302768""",
"=""3d6.(5D).4s (6D).6s""","=""g 7D""",7,"="" 6.74533292""",
"=""3d7.(4F).4d""","=""f 3D""",3,"="" 6.75085864""",
"=""3d6.4s.(6D).6s""","=""5D""",9,"="" 6.75464698""",
"=""3d7.(4F).4d""","=""e 5H""",7,"="" 6.75602283""",
"=""3d7.(4F).5p""","=""5D*""",5,"="" 6.76093930""",
"=""3d7.(4F).4d""","=""e 3H""",9,"="" 6.76400977""",
"=""3d6.(3G).4s.4p.(3P*)""","=""t 3G*""",7,"="" 6.76958063""",
"=""3d7.(4F).5p""","=""5D*""",3,"="" 6.76992654""",
"=""3d6.(5D).4s (6D).6s""","=""g 7D""",5,"="" 6.77098909""",
"=""3d7.(4F).4d""","=""f 3F""",9,"="" 6.77986785""",
"=""3d7.(4F).5p""","=""3F*""",5,"="" 6.78272754""",
"=""3d6.(5D).4s (6D).6s""","=""g 7D""",3,"="" 6.78783705""",
"=""3d7.(4F).5p""","=""3D*""",3,"="" 6.79523296""",
"=""3d6.(3G).4s.4p.(3P*)""","=""w 1G*""",9,"="" 6.7956800""",
"=""3d6.4s.(6D).6s""","=""5D""",7,"="" 6.80237209""",
"=""3d7.(4F).4d""","=""e 3P""",5,"="" 6.80421351""",
"=""3d7.(4F).4d""","=""f 3F""",7,"="" 6.83462125""",
"=""3d6.4s.(6D).6s""","=""5D""",5,"="" 6.83576563""",
"=""3d6.4s.(6D).6s""","=""5D""",3,"="" 6.85702383""",
"=""3d7.(4F).4d""","=""e 3P""",3,"="" 6.86576013""",
"=""3d7.(4F).4d""","=""f 3F""",5,"="" 6.8660975""",
"=""3d6.4s.(6D).6s""","=""5D""",1,"="" 6.8675492""",
"=""3d6.(1G2).4s.4p.(3P*)""","=""s 3G*""",11,"="" 6.87242168""",
"=""3d6.(1G2).4s.4p.(3P*)""","=""v 3H*""",9,"="" 6.8744289""",
"=""3d6.(1G2).4s.4p.(3P*)""","=""v 3H*""",13,"="" 6.8798512""",
"=""3d6.(1G2).4s.4p.(3P*)""","=""v 3H*""",11,"="" 6.88429230""",
"=""3d7.(4F).4d""","=""e 3P""",1,"="" 6.909208?""",
"=""3d7.(2D2).4p""","=""w 1D*""",5,"="" 6.9126439""",
"=""3d6.(1G2).4s.4p.(3P*)""","=""s 3G*""",7,"="" 6.91716472""",
"=""3d6.(1G2).4s.4p.(3P*)""","=""s 3G*""",9,"="" 6.9314031""",
"=""3d7.(2H).4p""","=""1H*""",11,"="" 6.93160665""",
"=""3d6.(3G).4s.4p.(3P*)""","=""1F*""",7,"="" 6.95524523""",
"=""3d7.(4F).6s""","=""5F""",11,"="" 6.95723530""",
"=""3d6.4s.(6D).6p""","=""7D*""",11,"="" 6.95803425""",
"=""3d6.4s.(6D).5d""","=""5D""",9,"="" 6.96884828""",
"=""3d6.4s.(6D).6p""","=""7F*""",13,"="" 6.9754728""",
"=""3d6.(1I).4s.4p.(3P*)""","=""u 3H*""",13,"="" 6.9845209""",
"=""3d6.4s.(6D).5d""","=""5D""",7,"="" 6.98491341""",
"=""3d6.4s.(6D).5d""","=""5G""",13,"="" 6.98550035""",
"=""3d6.(1I).4s.4p.(3P*)""","=""u 3H*""",11,"="" 6.99055915""",
"=""3d6.(1I).4s.4p.(3P*)""","=""u 3H*""",9,"="" 6.99559552""",
"=""3d6.4s.(6D).5d""","=""7F""",13,"="" 6.99617750""",
"=""3d6.4s.(6D).5d""","=""7D""",11,"="" 6.99667889""",
"=""3d6.4s.(6D).5d""","=""7D""",9,"="" 6.99915820""",
"=""3d6.4s.(6D).5d""","=""7P""",7,"="" 7.0003978""",
"=""3d6.4s.(6D).5d""","=""5D""",5,"="" 7.00256095""",
"=""3d6.4s.(6D).6p""","=""7F*""",11,"="" 7.0054738""",
"=""3d7.(4F).6s""","=""5F""",9,"="" 7.00711799""",
"=""3d6.4s.(6D).6p""","=""7D*""",9,"="" 7.0071832""",
"=""3d6.4s.(6D).5d""","=""7G""",15,"="" 7.0095766""",
"=""3d6.4s.(6D).6p""","=""7P*""",9,"="" 7.0102645""",
"=""3d6.4s.(6D).5d""","=""5G""",11,"="" 7.01138503""",
"=""3d6.4s.(6D).6p""","=""7D*""",7,"="" 7.0119345""",
"=""3d6.(1G2).4s.4p.(3P*)""","=""u 3F*""",9,"="" 7.01660092""",
"=""3d6.4s.(6D).5d""","=""5G""",9,"="" 7.02657446""",
"=""3d6.4s.(6D).6p""","=""5F*""",11,"="" 7.03080715""",
"=""3d6.4s.(6D).5d""","=""5S""",5,"="" 7.03243444""",
"=""3d6.4s.(6D).5d""","=""5F""",7,"="" 7.03323823""",
"=""3d6.4s.(6D).6p""","=""5D*""",9,"="" 7.03391308""",
"=""3d6.4s.(6D).5d""","=""5D""",3,"="" 7.0342631""",
"=""3d6.4s.(6D<9/2>).4f""","=""2[11/2]*""",13,"="" 7.03596700""",
"=""3d6.4s.(6D<9/2>).4f""","=""2[11/2]*""",11,"="" 7.03623952""",
"=""3d6.4s.(6D<9/2>).4f""","=""2[13/2]*""",15,"="" 7.03661556""",
"=""3d6.4s.(6D<9/2>).4f""","=""2[9/2]*""",11,"="" 7.03668921""",
"=""3d6.4s.(6D<9/2>).4f""","=""2[9/2]*""",9,"="" 7.03671475""",
"=""3d6.4s.(6D<9/2>).4f""","=""2[13/2]*""",13,"="" 7.03690953""",
"=""3d6.4s.(6D).6p""","=""7F*""",9,"="" 7.0369345""",
"=""3d6.4s.(6D).5d""","=""5F""",11,"="" 7.03757595""",
"=""3d6.4s.(6D<9/2>).4f""","=""2[7/2]*""",9,"="" 7.03793414""",
"=""3d6.4s.(6D<9/2>).4f""","=""2[7/2]*""",7,"="" 7.03809358""",
"=""3d6.4s.(6D<9/2>).4f""","=""2[5/2]*""",7,"="" 7.03948332""",
"=""3d6.4s.(6D<9/2>).4f""","=""2[15/2]*""",15,"="" 7.0396707""",
"=""3d6.4s.(6D<9/2>).4f""","=""2[15/2]*""",17,"="" 7.0396729""",
"=""3d6.4s.(6D<9/2>).4f""","=""2[5/2]*""",5,"="" 7.03976551""",
"=""3d6.(1G2).4s.4p.(3P*)""","=""u 3F*""",7,"="" 7.04023466""",
"=""3d6.4s.(6D<9/2>).4f""","=""2[3/2]*""",5,"="" 7.04102531""",
"=""3d6.4s.(6D<9/2>).4f""","=""2[3/2]*""",3,"="" 7.04126386""",
"=""3d7.(4F).6s""","=""3F""",9,"="" 7.04332745""",
"=""3d6.4s.(6D).5d""","=""7F""",11,"="" 7.04760069""",
"=""3d6.4s.(6D).5d""","=""7D""",5,"="" 7.04761036""",
"=""3d6.4s.(6D).5d""","=""7P""",9,"="" 7.04781667""",
"=""3d6.(1G2).4s.4p.(3P*)""","=""u 3F*""",5,"="" 7.0495745""",
"=""3d6.4s.(6D).6p""","=""5P*""",7,"="" 7.0511481""",
"=""3d6.4s.(6D).5d""","=""7G""",13,"="" 7.05159087""",
"=""3d6.4s.(6D).6p""","=""7P*""",7,"="" 7.05326553""",
"=""3d6.4s.(6D).6p""","=""7D*""",5,"="" 7.0588397""",
"=""3d7.(2H).4p""","=""v 1G*""",9,"="" 7.0610614""",
"=""3d6.4s.(6D).5d""","=""5F""",5,"="" 7.06117448""",
"=""3d6.4s.(6D).5d""","=""7D""",3,"="" 7.06763976""",
"=""3d6.4s.(6D).6p""","=""7F*""",7,"="" 7.0704419""",
"=""3d6.(1I).4s.4p.(3P*)""","=""x 3I*""",15,"="" 7.0705105""",
"=""3d6.4s.(6D).5d""","=""7F""",5,"="" 7.0707710""",
"=""3d6.4s.(6D).5d""","=""5G""",7,"="" 7.07399482""",
"=""3d6.4s.(6D).6p""","=""5F*""",9,"="" 7.0750772""",
"=""3d6.(1I).4s.4p.(3P*)""","=""x 3I*""",13,"="" 7.0757994""",
"=""3d6.4s.(6D).5d""","=""7D""",7,"="" 7.07582420""",
"=""3d6.(3D).4s.4p.(1P*)""","=""3D*""",5,"="" 7.07638759""",
"=""3d6.4s.(6D).5d""","=""5F""",3,"="" 7.07675061""",
"=""3d6.4s.(6D).5d""","=""7F""",7,"="" 7.07754882""",
"=""3d6.(1I).4s.4p.(3P*)""","=""x 3I*""",11,"="" 7.0800206""",
"=""3d6.4s.(6D).6p""","=""7F*""",1,"="" 7.0821763""",
"=""3d6.4s.(6D).5d""","=""5F""",9,"="" 7.08262833""",
"=""3d6.4s.(6D).5d""","=""7G""",11,"="" 7.08282336""",
"=""3d6.4s.(6D).6p""","=""7F*""",5,"="" 7.08450967""",
"=""3d6.4s.(6D<7/2>).4f""","=""2[9/2]*""",11,"="" 7.08517422""",
"=""3d6.4s.(6D<7/2>).4f""","=""2[11/2]*""",13,"="" 7.08529672""",
"=""3d6.4s.(6D<7/2>).4f""","=""2[9/2]*""",9,"="" 7.08534619""",
"=""3d6.4s.(6D<7/2>).4f""","=""2[11/2]*""",11,"="" 7.08542219""",
"=""3d6.4s.(6D<7/2>).4f""","=""2[7/2]*""",9,"="" 7.08558697""",
"=""3d6.4s.(6D<7/2>).4f""","=""2[7/2]*""",7,"="" 7.08565999""",
"=""3d6.4s.(6D<7/2>).4f""","=""2[5/2]*""",7,"="" 7.08567772""",
"=""3d6.4s.(6D<7/2>).4f""","=""2[3/2]*""",3,"="" 7.08597801""",
"=""3d6.4s.(6D<7/2>).4f""","=""2[13/2]*""",15,"="" 7.08598644""",
"=""3d6.4s.(6D<7/2>).4f""","=""2[5/2]*""",5,"="" 7.08599636""",
"=""3d6.4s.(6D<7/2>).4f""","=""2[13/2]*""",13,"="" 7.08609009""",
"=""3d6.4s.(6D<7/2>).4f""","=""2[3/2]*""",5,"="" 7.08622623""",
"=""3d6.4s.(6D<7/2>).4f""","=""2[1/2]*""",3,"="" 7.0863164""",
"=""3d6.4s.(6D).5d""","=""7G""",9,"="" 7.08642312""",
"=""3d6.4s.(6D<7/2>).4f""","=""2[1/2]*""",1,"="" 7.08644816""",
"=""3d6.4s.(6D).5d""","=""5P""",7,"="" 7.08695439""",
"=""3d6.4s.(6D).6p""","=""7D*""",3,"="" 7.0874501""",
"=""3d6.4s.(6D).6p""","=""5D*""",7,"="" 7.08799449""",
"=""3d6.4s.(6D).6p""","=""7F*""",3,"="" 7.08872587""",
"=""3d6.4s.(6D).6p""","=""7P*""",5,"="" 7.09068259""",
"=""3d6.4s.(6D).5d""","=""7F""",3,"="" 7.09360019""",
"=""3d7.(4F).6s""","=""3F""",7,"="" 7.09423040""",
"=""3d6.4s.(6D).5d""","=""5G""",5,"="" 7.09609215""",
"=""3d6.4s.(6D).5d""","=""7P""",5,"="" 7.10320822""",
"=""3d6.4s.(6D).5d""","=""7F""",9,"="" 7.10520213""",
"=""3d6.4s.(6D).5d""","=""7G""",3,"="" 7.1068173""",
"=""3d6.4s.(6D).6p""","=""5F*""",7,"="" 7.10972855""",
"=""3d6.(3D).4s.4p.(1P*)""","=""3D*""",7,"="" 7.11001619""",
"=""3d6.4s.(6D).5d""","=""7G""",7,"="" 7.11190298""",
"=""3d6.4s.(6D).6p""","=""5D*""",3,"="" 7.1168348""",
"=""3d6.4s.(6D).5d""","=""5P""",5,"="" 7.11708156""",
"=""3d6.4s.(6D).6p""","=""5D*""",5,"="" 7.11864661""",
"=""3d6.4s.(6D<5/2>).4f""","=""2[1/2]*""",3,"="" 7.1193548""",
"=""3d6.4s.(6D<5/2>).4f""","=""2[3/2]*""",3,"="" 7.11997076""",
"=""3d6.4s.(6D<5/2>).4f""","=""2[3/2]*""",5,"="" 7.12011198""",
"=""3d6.4s.(6D<5/2>).4f""","=""2[11/2]*""",13,"="" 7.12017248""",
"=""3d6.4s.(6D<5/2>).4f""","=""2[11/2]*""",11,"="" 7.12030056""",
"=""3d6.4s.(6D<5/2>).4f""","=""2[5/2]*""",5,"="" 7.12055088""",
"=""3d6.4s.(6D<5/2>).4f""","=""2[5/2]*""",7,"="" 7.12076562""",
"=""3d6.4s.(6D).6p""","=""5P*""",5,"="" 7.12130446""",
"=""3d6.4s.(6D<5/2>).4f""","=""2[7/2]*""",9,"="" 7.12137972""",
"=""3d6.4s.(6D<5/2>).4f""","=""2[9/2]*""",11,"="" 7.12139546""",
"=""3d6.4s.(6D).5d""","=""7S""",7,"="" 7.12143749""",
"=""3d6.4s.(6D<5/2>).4f""","=""2[9/2]*""",9,"="" 7.12155602""",
"=""3d6.4s.(6D<5/2>).4f""","=""2[7/2]*""",7,"="" 7.12158863""",
"=""3d6.4s.(6D).5d""","=""7G""",5,"="" 7.12297453""",
"=""3d7.(4F).6s""","=""5F""",7,"="" 7.1304138""",
"=""3d7.(4F).6s""","=""5F""",5,"="" 7.13262645""",
"=""3d6.4s.(6D).6p""","=""5F*""",3,"="" 7.1348543""",
"=""3d6.(3D).4s.4p.(3P*)""","=""t 3F*""",9,"="" 7.1352919""",
"=""3d6.(3P2).4s.4p.(1P*)""","=""3D*""",7,"="" 7.13718820""",
"=""3d6.4s.(6D).6p""","=""5F*""",5,"="" 7.13808188""",
"=""3d6.4s.(6D).6p""","=""5D*""",1,"="" 7.14281882""",
"=""3d6.4s.(6D<3/2>).4f""","=""2[3/2]*""",3,"="" 7.1435987""",
"=""3d6.4s.(6D<3/2>).4f""","=""2[3/2]*""",5,"="" 7.14382148""",
"=""3d6.4s.(6D<3/2>).4f""","=""2[9/2]*""",11,"="" 7.14406771""",
"=""3d6.4s.(6D<3/2>).4f""","=""2[9/2]*""",9,"="" 7.14420856""",
"=""3d6.4s.(6D<3/2>).4f""","=""2[5/2]*""",7,"="" 7.14534512""",
"=""3d6.4s.(6D<3/2>).4f""","=""2[5/2]*""",5,"="" 7.14553841""",
"=""3d6.(3D).4s.4p.(3P*)""","=""t 3F*""",7,"="" 7.14657331""",
"=""3d6.4s.(6D<3/2>).4f""","=""2[7/2]*""",9,"="" 7.14660033""",
"=""3d6.4s.(6D<3/2>).4f""","=""2[7/2]*""",7,"="" 7.14674465""",
"=""3d6.4s.(4D).4d""","=""5F""",11,"="" 7.1490470""",
"=""3d6.(5D).4s (4D).4d""","=""i 5D""",9,"="" 7.15357742""",
"=""3d6.(3D).4s.4p.(3P*)""","=""t 3F*""",5,"="" 7.1549720""",
"=""3d6.4s.(6D).6p""","=""5P*""",3,"="" 7.1590301""",
"=""3d6.4s.(6D<1/2>).4f""","=""2[5/2]*""",7,"="" 7.15922602""",
"=""3d6.4s.(6D<1/2>).4f""","=""2[7/2]*""",9,"="" 7.15923606""",
"=""3d6.4s.(6D<1/2>).4f""","=""2[5/2]*""",5,"="" 7.15926544""",
"=""3d6.4s.(6D<1/2>).4f""","=""2[7/2]*""",7,"="" 7.15945911""",
"=""3d7.(4F).6s""","=""5F""",3,"="" 7.1605957""",
"=""3d6.4s.(4D).5p""","=""5D*""",9,"="" 7.16180142""",
"=""3d7.(4F).6s""","=""3F""",5,"="" 7.16515953""",
"=""3d6.(5D).4s (4D).4d""","=""i 5D""",7,"="" 7.16801526""",
"=""3d6.(5D).4s (6D).7s""","=""7D""",11,"="" 7.1783195""",
"=""3d6.4s.(4D).5p""","=""3F*""",9,"="" 7.1808243""",
"=""3d6.(5D).4s (4D).4d""","=""i 5D""",5,"="" 7.1878769""",
"=""3d6.4s.(4D).5p""","=""3P*""",5,"="" 7.1910167""",
"=""3d6.(5D).4s (4D).4d""","=""g 5G""",13,"="" 7.19132379""",
"=""3d6.(3H).4s.4p.(1P*)""","=""3G*""",11,"="" 7.1933848""",
"=""3d6.4s.(4D).5p""","=""5D*""",7,"="" 7.19523772""",
"=""3d6.4s.(4D).4d""","=""5F""",9,"="" 7.2058221""",
"=""3d6.4s.(4D).4d""","=""5F""",7,"="" 7.2074595""",
"=""3d6.4s.(4D).5p""","=""3D*""",5,"="" 7.20748030""",
"=""3d6.4s.(4D).5p""","=""5F*""",11,"="" 7.20931005""",
"=""3d6.4s.(6D).7s""","=""7D""",9,"="" 7.2156217""",
"=""3d6.4s.(4D).4d""","=""5P""",5,"="" 7.21750752""",
"=""3d6.(5D).4s (4D).4d""","=""g 5G""",11,"="" 7.2247405""",
"=""3d6.4s.(4D).5p""","=""3D*""",7,"="" 7.2253354""",
"=""3d6.(5D).4s (4D).4d""","=""i 5D""",3,"="" 7.2261963""",
"=""3d6.4s.(6D).7s""","=""5D""",9,"="" 7.2309299""",
"=""3d6.4s.(4D).5p""","=""5D*""",5,"="" 7.23206872""",
"=""3d6.(3H).4s.4p.(1P*)""","=""3G*""",9,"="" 7.2325702""",
"=""3d6.4s.(4D).4d""","=""5F""",3,"="" 7.2361423""",
"=""3d6.4s.(4D).5p""","=""3D*""",3,"="" 7.24004041""",
"=""3d6.4s.(6D).7s""","=""7D""",7,"="" 7.2506341""",
"=""3d6.4s.(4D).5p""","=""5F*""",9,"="" 7.25075723""",
"=""3d6.4s.(4D).4d""","=""5P""",7,"="" 7.2508259""",
"=""3d6.4s.(4D).4d""","=""3G""",11,"="" 7.2521129""",
"=""3d6.4s.(4D).4d""","=""5F""",5,"="" 7.2546114""",
"=""3d6.4s.(4D).5p""","=""5D*""",3,"="" 7.2555557""",
"=""3d6.(5D).4s (4D).4d""","=""g 5G""",9,"="" 7.25557550""",
"=""3d7.(4F).5d""","=""5F""",11,"="" 7.26438371""",
"=""3d7.(4F).5d""","=""5F""",9,"="" 7.26449133""",
"=""3d6.(3H).4s.4p.(1P*)""","=""3G*""",7,"="" 7.2655167""",
"=""""","=""58661e""",9,"="" 7.2731583""",
"=""3d6.4s.(4D).5p""","=""5P*""",7,"="" 7.27470577""",
"=""3d6.4s.(4D).4d""","=""3D""",7,"="" 7.2756807""",
"=""3d6.4s.(6D).7s""","=""7D""",5,"="" 7.2758644""",
"=""3d7.(4F<9/2>).4f""","=""2[11/2]*""",13,"="" 7.27793940""",
"=""3d7.(4F<9/2>).4f""","=""2[11/2]*""",11,"="" 7.27797585""",
"=""3d7.(4F<9/2>).4f""","=""2[13/2]*""",13,"="" 7.27820485""",
"=""3d7.(4F<9/2>).4f""","=""2[9/2]*""",9,"="" 7.27848158""",
"=""3d7.(4F<9/2>).4f""","=""2[13/2]*""",15,"="" 7.27862478""",
"=""3d7.(4F<9/2>).4f""","=""2[9/2]*""",11,"="" 7.2787878""",
"=""3d6.(5D).4s (4D).4d""","=""g 5G""",7,"="" 7.2791181""",
"=""3d7.(4F).5d""","=""5H""",15,"="" 7.279213""",
"=""3d7.(4F<9/2>).4f""","=""2[7/2]*""",9,"="" 7.2792669""",
"=""3d7.(4F<9/2>).4f""","=""2[7/2]*""",7,"="" 7.27968857""",
"=""3d7.(4F<9/2>).4f""","=""2[15/2]*""",17,"="" 7.2801659""",
"=""3d7.(4F<9/2>).4f""","=""2[5/2]*""",7,"="" 7.28023311""",
"=""3d7.(4F<9/2>).4f""","=""2[15/2]*""",15,"="" 7.2806700""",
"=""3d7.(4F<9/2>).4f""","=""2[5/2]*""",5,"="" 7.28075992""",
"=""3d6.4s.(4D).5p""","=""5F*""",7,"="" 7.28501741""",
"=""3d6.4s.(6D).7s""","=""7D""",3,"="" 7.2852593""",
"=""3d6.4s.(6D).7s""","=""5D""",7,"="" 7.28561601""",
"=""3d6.(3H).4s.4p.(1P*)""","=""3I*""",15,"="" 7.28931061""",
"=""3d7.(4F).5d""","=""3G""",11,"="" 7.291761""",
"=""3d6.(5D).4s (4D).4d""","=""g 5G""",5,"="" 7.2933513""",
"=""""","=""58831e""",7,"="" 7.2941429""",
"=""3d6.4s.(4D).5p""","=""5F*""",5,"="" 7.30342758""",
"=""""","=""58906e""",9,"="" 7.30346725""",
"=""3d6.4s.(4D).4d""","=""5S""",5,"="" 7.3053924""",
"=""3d6.(3H).4s.4p.(1P*)""","=""3I*""",13,"="" 7.3084633""",
"=""3d6.4s.(4D).5p""","=""3F*""",5,"="" 7.31035581""",
"=""3d6.4s.(4D).4d""","=""3G""",9,"="" 7.3107624""",
"=""3d6.4s.(4D).4d""","=""3D""",3,"="" 7.3108215""",
"=""3d6.4s.(4D).5p""","=""5F*""",3,"="" 7.31227831""",
"=""3d6.4s.(4D).4d""","=""3D""",5,"="" 7.31256608""",
"=""3d6.4s.(6D).7s""","=""5D""",5,"="" 7.3195016""",
"=""""","=""59077e""",3,"="" 7.3246249""",
"=""3d6.(3H).4s.4p.(1P*)""","=""3I*""",11,"="" 7.3257089""",
"=""3d6.4s.(4D).5p""","=""3F*""",7,"="" 7.3261802""",
"=""3d6.4s.(4D).5p""","=""5P*""",5,"="" 7.32812275""",
"=""3d6.4s.(6D).7s""","=""5D""",3,"="" 7.3291200""",
"=""3d6.4s.(6D<9/2>).6d""","=""2[11/2]""",13,"="" 7.3304509""",
"=""3d6.4s.(6D<9/2>).6d""","=""2[9/2]""",11,"="" 7.3307827""",
"=""3d6.4s.(6D<9/2>).6d""","=""2[9/2]""",9,"="" 7.331633""",
"=""3d6.4s.(6D<9/2>).6d""","=""2[13/2]""",13,"="" 7.3332153""",
"=""3d6.4s.(4D).4d""","=""3S""",3,"="" 7.3342434""",
"=""3d6.4s.(6D<9/2>).6d""","=""2[13/2]""",15,"="" 7.3372775""",
"=""3d6.4s.(6D<9/2>).6d""","=""2[11/2]""",11,"="" 7.3377221""",
"=""3d7.(4F).5d""","=""3G""",9,"="" 7.340389""",
"=""3d6.4s.(6D<9/2>).6d""","=""2[5/2]""",7,"="" 7.3419976""",
"=""3d6.4s.(6D<9/2>).6d""","=""2[7/2]""",9,"="" 7.344264""",
"=""3d6.4s.(6D<9/2>).6d""","=""2[7/2]""",7,"="" 7.3462361""",
"=""3d7.(4F<7/2>).4f""","=""2[9/2]*""",9,"="" 7.34758864""",
"=""3d7.(4F<7/2>).4f""","=""2[11/2]*""",13,"="" 7.3477900""",
"=""3d7.(4F<7/2>).4f""","=""2[9/2]*""",11,"="" 7.34790914""",
"=""3d7.(4F<7/2>).4f""","=""2[11/2]*""",11,"="" 7.34792662""",
"=""3d7.(4F<7/2>).4f""","=""2[7/2]*""",7,"="" 7.34798266""",
"=""3d7.(4F<7/2>).4f""","=""2[7/2]*""",9,"="" 7.34801576""",
"=""3d7.(4F<7/2>).4f""","=""2[5/2]*""",5,"="" 7.34856303""",
"=""3d7.(4F<7/2>).4f""","=""2[5/2]*""",7,"="" 7.3487069""",
"=""3d7.(4F<7/2>).4f""","=""2[13/2]*""",15,"="" 7.3487778""",
"=""3d7.(4F<7/2>).4f""","=""2[13/2]*""",13,"="" 7.3489321""",
"=""3d6.4s.(6D<9/2>).5f""","=""2[11/2]*""",13,"="" 7.3491091""",
"=""3d6.4s.(6D<9/2>).5f""","=""2[13/2]*""",13,"="" 7.3492730""",
"=""3d7.(4F<7/2>).4f""","=""2[3/2]*""",5,"="" 7.3493170""",
"=""3d6.4s.(6D<9/2>).5f""","=""2[13/2]*""",15,"="" 7.3494681""",
"=""3d6.4s.(6D<9/2>).5f""","=""2[15/2]*""",15,"="" 7.3510690""",
"=""3d6.4s.(6D<9/2>).5f""","=""2[15/2]*""",17,"="" 7.3510758""",
"=""3d6.4s.(4D).4d""","=""3F""",9,"="" 7.3524990""",
"=""3d6.4s.(6D<9/2>).5g""","=""2[13/2]""",13,"="" 7.3559386""",
"=""3d6.4s.(6D<9/2>).5g""","=""2[13/2]""",15,"="" 7.3559390""",
"=""3d6.4s.(6D<9/2>).5g""","=""2[11/2]""",11,"="" 7.3559695""",
"=""3d6.4s.(6D<9/2>).5g""","=""2[11/2]""",13,"="" 7.3559696""",
"=""3d6.4s.(6D<9/2>).5g""","=""2[15/2]""",17,"="" 7.3561403""",
"=""3d6.4s.(6D<9/2>).5g""","=""2[15/2]""",15,"="" 7.3561404""",
"=""3d6.4s.(6D<9/2>).5g""","=""2[9/2]""",11,"="" 7.3561424""",
"=""3d6.4s.(6D<9/2>).5g""","=""2[9/2]""",9,"="" 7.3561426""",
"=""3d6.4s.(6D<9/2>).5g""","=""2[7/2]""",9,"="" 7.3563866""",
"=""3d6.4s.(6D<9/2>).5g""","=""2[7/2]""",7,"="" 7.3563868""",
"=""3d6.4s.(6D<9/2>).5g""","=""2[5/2]""",7,"="" 7.3566421""",
"=""3d6.4s.(6D<9/2>).5g""","=""2[5/2]""",5,"="" 7.3566422""",
"=""3d6.4s.(6D<9/2>).5g""","=""2[17/2]""",17,"="" 7.3566917""",
"=""3d6.4s.(6D<9/2>).5g""","=""2[17/2]""",19,"="" 7.3566929""",
"=""3d6.4s.(6D<9/2>).5g""","=""2[3/2]""",3,"="" 7.3568605""",
"=""3d6.4s.(6D<9/2>).5g""","=""2[3/2]""",5,"="" 7.3568609""",
"=""3d6.4s.(6D<9/2>).5g""","=""2[1/2]""",3,"="" 7.3570065""",
"=""3d6.4s.(6D<9/2>).5g""","=""2[1/2]""",1,"="" 7.3570083""",
"=""3d6.4s.(4D).5p""","=""3P*""",3,"="" 7.35769434""",
"=""3d6.4s.(4D).5p""","=""5P*""",3,"="" 7.3597266""",
"=""""","=""59390e""",7,"="" 7.3635064""",
"=""3d6.4s.(6D<7/2>).6d""","=""2[9/2]""",11,"="" 7.3725361""",
"=""3d6.4s.(6D<7/2>).6d""","=""2[7/2]""",9,"="" 7.374038""",
"=""3d6.(3P2).4s.4p.(1P*)""","=""3S*""",3,"="" 7.3771377""",
"=""3d6.4s.(6D<7/2>).6d""","=""2[5/2]""",5,"="" 7.378812""",
"=""3d6.4s.(6D<7/2>).6d""","=""2[7/2]""",7,"="" 7.3795772""",
"=""3d6.4s.(4D).4d""","=""3F""",7,"="" 7.3798760""",
"=""3d6.(5D).4p2.(3P)""","=""7F""",11,"="" 7.380021""",
"=""3d6.4s.(6D<7/2>).6d""","=""2[9/2]""",9,"="" 7.381131""",
"=""3d6.4s.(6D<7/2>).6d""","=""2[5/2]""",7,"="" 7.3818449""",
"=""3d6.4s.(6D<7/2>).6d""","=""2[11/2]""",13,"="" 7.3821585""",
"=""3d6.4s.(6D<7/2>).6d""","=""2[11/2]""",11,"="" 7.384043""",
"=""3d6.4s.(6D<7/2>).6d""","=""2[3/2]""",5,"="" 7.3856611""",
"=""3d6.4s.(6D<7/2>).6d""","=""2[3/2]""",3,"="" 7.388324""",
"=""3d6.4s.(6D<7/2>).5f""","=""2[11/2]*""",11,"="" 7.3973888""",
"=""3d6.(5D).4p2.(3P)""","=""7F""",9,"="" 7.3974805""",
"=""3d6.4s.(6D<7/2>).5f""","=""2[13/2]*""",15,"="" 7.3980136""",
"=""3d6.4s.(6D<7/2>).5f""","=""2[13/2]*""",13,"="" 7.3981475""",
"=""3d7.(4F<5/2>).4f""","=""2[7/2]*""",9,"="" 7.39831901""",
"=""3d7.(4F<5/2>).4f""","=""2[9/2]*""",11,"="" 7.3983355""",
"=""3d7.(4F<5/2>).4f""","=""2[7/2]*""",7,"="" 7.3983804""",
"=""3d7.(4F<5/2>).4f""","=""2[9/2]*""",9,"="" 7.3985231""",
"=""3d7.(4F<5/2>).4f""","=""2[5/2]*""",7,"="" 7.39928211""",
"=""3d7.(4F<5/2>).4f""","=""2[5/2]*""",5,"="" 7.3994149""",
"=""3d7.(4F<5/2>).4f""","=""2[11/2]*""",11,"="" 7.3996464""",
"=""3d7.(4F<5/2>).4f""","=""2[3/2]*""",5,"="" 7.40029668""",
"=""3d6.4s.(6D<7/2>).5g""","=""2[11/2]""",11,"="" 7.4039391""",
"=""3d6.4s.(6D<7/2>).5g""","=""2[11/2]""",13,"="" 7.4039392""",
"=""3d6.4s.(6D<7/2>).5g""","=""2[9/2]""",11,"="" 7.4039569""",
"=""3d6.4s.(6D<7/2>).5g""","=""2[9/2]""",9,"="" 7.4039579""",
"=""3d6.4s.(6D<7/2>).5g""","=""2[13/2]""",13,"="" 7.4039747""",
"=""3d6.4s.(6D<7/2>).5g""","=""2[13/2]""",15,"="" 7.4039753""",
"=""3d6.4s.(6D<7/2>).5g""","=""2[7/2]""",7,"="" 7.4040042""",
"=""3d6.4s.(6D<7/2>).5g""","=""2[7/2]""",9,"="" 7.4040052""",
"=""3d6.4s.(6D<7/2>).5g""","=""2[5/2]""",5,"="" 7.4040590""",
"=""3d6.4s.(6D<7/2>).5g""","=""2[5/2]""",7,"="" 7.4040596""",
"=""3d6.4s.(6D<7/2>).5g""","=""2[15/2]""",15,"="" 7.4040814""",
"=""3d6.4s.(6D<7/2>).5g""","=""2[15/2]""",17,"="" 7.4040815""",
"=""3d6.4s.(6D<7/2>).5g""","=""2[3/2]""",5,"="" 7.4041050""",
"=""3d6.4s.(6D<7/2>).5g""","=""2[3/2]""",3,"="" 7.4041050""",
"=""3d6.4s.(6D<5/2>).6d""","=""2[9/2]""",11,"="" 7.4041781""",
"=""3d6.4s.(6D<5/2>).6d""","=""2[9/2]""",9,"="" 7.4050683""",
"=""3d6.4s.(6D<5/2>).6d""","=""2[1/2]""",3,"="" 7.405473""",
"=""3d6.4s.(6D<5/2>).6d""","=""2[3/2]""",3,"="" 7.4101537""",
"=""3d6.4s.(6D<5/2>).6d""","=""2[3/2]""",5,"="" 7.4118354""",
"=""3d6.4s.(4D).4d""","=""3F""",5,"="" 7.4161840""",
"=""3d6.4s.(6D<5/2>).6d""","=""2[5/2]""",7,"="" 7.4168171""",
"=""3d6.4s.(6D<5/2>).6d""","=""2[5/2]""",5,"="" 7.4196563""",
"=""3d6.4s.(6D<5/2>).6d""","=""2[7/2]""",9,"="" 7.424005""",
"=""3d6.4s.(6D<5/2>).6d""","=""2[7/2]""",7,"="" 7.425004""",
"=""3d7.(4F<3/2>).4f""","=""2[7/2]*""",9,"="" 7.43248360""",
"=""3d7.(4F<3/2>).4f""","=""2[7/2]*""",7,"="" 7.4325209""",
"=""3d7.(4F<3/2>).4f""","=""2[5/2]*""",5,"="" 7.4325757""",
"=""3d7.(4F<3/2>).4f""","=""2[5/2]*""",7,"="" 7.4331667""",
"=""3d7.(4F<3/2>).4f""","=""2[9/2]*""",11,"="" 7.43415230""",
"=""3d7.(4F<3/2>).4f""","=""2[9/2]*""",9,"="" 7.4342111""",
"=""3d6.4s.(6D<3/2>).6d""","=""2[1/2]""",3,"="" 7.4351489""",
"=""3d6.4s.(6D<5/2>).5g""","=""2[3/2]""",5,"="" 7.4388198""",
"=""3d6.4s.(6D<5/2>).5g""","=""2[3/2]""",3,"="" 7.4388203""",
"=""3d6.4s.(6D<5/2>).5g""","=""2[13/2]""",13,"="" 7.4389540""",
"=""3d6.4s.(6D<5/2>).5g""","=""2[13/2]""",15,"="" 7.4389546""",
"=""3d6.4s.(6D<5/2>).5g""","=""2[5/2]""",5,"="" 7.4389768""",
"=""3d6.4s.(6D<5/2>).5g""","=""2[5/2]""",7,"="" 7.4389773""",
"=""3d6.4s.(6D<3/2>).6d""","=""2[3/2]""",3,"="" 7.439026""",
"=""3d6.4s.(6D<5/2>).5g""","=""2[7/2]""",7,"="" 7.4391399""",
"=""3d6.4s.(6D<5/2>).5g""","=""2[7/2]""",9,"="" 7.4391406""",
"=""3d6.4s.(6D<5/2>).5g""","=""2[11/2]""",11,"="" 7.4392182""",
"=""3d6.4s.(6D<5/2>).5g""","=""2[11/2]""",13,"="" 7.4392189""",
"=""3d6.4s.(6D<5/2>).5g""","=""2[9/2]""",9,"="" 7.4392457""",
"=""3d6.4s.(6D<5/2>).5g""","=""2[9/2]""",11,"="" 7.4392477""",
"=""3d6.4s.(6D<3/2>).6d""","=""2[3/2]""",5,"="" 7.443396""",
"=""3d6.4s.(6D<3/2>).6d""","=""2[5/2]""",7,"="" 7.4484653""",
"=""3d6.4s.(6D<3/2>).6d""","=""2[5/2]""",5,"="" 7.4496531""",
"=""3d6.(3F2).4s.4p.(1P*)""","=""3F*""",9,"="" 7.4509047""",
"=""3d6.4s.(6D<3/2>).6d""","=""2[7/2]""",7,"="" 7.4510813""",
"=""3d6.4s.(6D<1/2>).6d""","=""2[3/2]""",5,"="" 7.4549963""",
"=""3d6.(3F2).4s.4p.(1P*)""","=""3F*""",7,"="" 7.4604347""",
"=""3d6.4s.(6D<1/2>).6d""","=""2[3/2]""",3,"="" 7.4611526""",
"=""3d6.4s.(6D<3/2>).5g""","=""2[5/2]""",5,"="" 7.4628730""",
"=""3d6.4s.(6D<3/2>).5g""","=""2[5/2]""",7,"="" 7.4628742""",
"=""3d6.4s.(6D<3/2>).5g""","=""2[11/2]""",11,"="" 7.4630639""",
"=""3d6.4s.(6D<3/2>).5g""","=""2[11/2]""",13,"="" 7.4630644""",
"=""3d6.4s.(6D<3/2>).5g""","=""2[7/2]""",9,"="" 7.4634065""",
"=""3d6.4s.(6D<3/2>).5g""","=""2[7/2]""",7,"="" 7.4634066""",
"=""3d6.4s.(6D<3/2>).5g""","=""2[9/2]""",9,"="" 7.4635935""",
"=""3d6.4s.(6D<3/2>).5g""","=""2[9/2]""",11,"="" 7.4635938""",
"=""3d6.4s.(4D).4d""","=""3P""",3,"="" 7.4657386""",
"=""3d6.(3F2).4s.4p.(1P*)""","=""r 3G*""",11,"="" 7.4705650""",
"=""3d6.4s.(6D<1/2>).5g""","=""2[9/2]""",11,"="" 7.4774486""",
"=""3d6.4s.(6D<1/2>).5g""","=""2[9/2]""",9,"="" 7.4774503""",
"=""3d6.4s.(6D<1/2>).5g""","=""2[7/2]""",9,"="" 7.4774517""",
"=""3d6.4s.(6D<1/2>).5g""","=""2[7/2]""",7,"="" 7.4774524""",
"=""3d6.(3H).4s.4p.(1P*)""","=""t 3H*""",13,"="" 7.4843851""",
"=""3d6.(3F2).4s.4p.(1P*)""","=""r 3G*""",9,"="" 7.4968489""",
"=""3d6.(5D).4p2.(3P)""","=""7F""",5,"="" 7.5051495""",
"=""3d6.(3H).4s.4p.(1P*)""","=""t 3H*""",11,"="" 7.5071336""",
"=""3d6.(3F2).4s.4p.(1P*)""","=""r 3G*""",7,"="" 7.5089311""",
"=""3d6.(3H).4s.4p.(1P*)""","=""t 3H*""",9,"="" 7.5329818""",
"=""3d6.(3F2).4s.4p.(1P*)""","=""3D*""",7,"="" 7.5390662""",
"=""""","=""61724e""",9,"="" 7.6529034""",
"=""""","=""62079e""",13,"="" 7.6968550""",
"=""""","=""62192e""",11,"="" 7.7109164""",
"=""""","=""62377e""",9,"="" 7.733844""",
"=""3d6.(3G).4s.4p.(1P*)""","=""3H*""",13,"="" 7.8154377""",
"=""Fe II (3d6.4s 6D<9/2>)""","=""Limit""",,"="" 7.9024681""",
