"=""3d6.(5D).4s""","=""a 6D""",10,"="" 0.00000000""",
"=""3d6.(5D).4s""","=""a 6D""",8,"="" 0.04770753""",
"=""3d6.(5D).4s""","=""a 6D""",6,"="" 0.08278213""",
"=""3d6.(5D).4s""","=""a 6D""",4,"="" 0.10695023""",
"=""3d6.(5D).4s""","=""a 6D""",2,"="" 0.12113874""",
"=""3d7""","=""a 4F""",10,"="" 0.23217279""",
"=""3d7""","=""a 4F""",8,"="" 0.30129858""",
"=""3d7""","=""a 4F""",6,"="" 0.35186476""",
"=""3d7""","=""a 4F""",4,"="" 0.38651921""",
"=""3d6.(5D).4s""","=""a 4D""",8,"="" 0.98633380""",
"=""3d6.(5D).4s""","=""a 4D""",6,"="" 1.04046986""",
"=""3d6.(5D).4s""","=""a 4D""",4,"="" 1.07624119""",
"=""3d6.(5D).4s""","=""a 4D""",2,"="" 1.09686139""",
"=""3d7""","=""a 4P""",6,"="" 1.67061856""",
"=""3d7""","=""a 4P""",4,"="" 1.69526130""",
"=""3d7""","=""a 4P""",2,"="" 1.72398297""",
"=""3d7""","=""a 2G""",10,"="" 1.96448604""",
"=""3d7""","=""a 2G""",8,"="" 2.02954815""",
"=""3d7""","=""a 2P""",4,"="" 2.27642922""",
"=""3d7""","=""a 2P""",2,"="" 2.34166141""",
"=""3d7""","=""a 2H""",12,"="" 2.52186911""",
"=""3d7""","=""a 2D2""",6,"="" 2.54377802""",
"=""3d7""","=""a 2H""",10,"="" 2.57958587""",
"=""3d6.(3P2).4s""","=""b 4P""",6,"="" 2.58265947""",
"=""3d6.(3H).4s""","=""a 4H""",14,"="" 2.63486052""",
"=""3d7""","=""a 2D2""",4,"="" 2.64185518""",
"=""3d6.(3H).4s""","=""a 4H""",12,"="" 2.65702556""",
"=""3d6.(3H).4s""","=""a 4H""",10,"="" 2.67577925""",
"=""3d6.(3H).4s""","=""a 4H""",8,"="" 2.69193206""",
"=""3d6.(3P2).4s""","=""b 4P""",4,"="" 2.70434897""",
"=""3d6.(3P2).4s""","=""b 4P""",2,"="" 2.77846330""",
"=""3d6.(3F2).4s""","=""b 4F""",10,"="" 2.80665448""",
"=""3d6.(3F2).4s""","=""b 4F""",8,"="" 2.82812245""",
"=""3d6.(3F2).4s""","=""b 4F""",6,"="" 2.84411707""",
"=""3d6.(3F2).4s""","=""b 4F""",4,"="" 2.85551515""",
"=""3d5.4s2""","=""a 6S""",6,"="" 2.89101830""",
"=""3d6.(3G).4s""","=""a 4G""",12,"="" 3.15276806""",
"=""3d6.(3P2).4s""","=""b 2P""",4,"="" 3.19725263""",
"=""3d6.(3G).4s""","=""a 4G""",10,"="" 3.19945278""",
"=""3d6.(3G).4s""","=""a 4G""",8,"="" 3.22131344""",
"=""3d6.(3G).4s""","=""a 4G""",6,"="" 3.23045937""",
"=""3d6.(3H).4s""","=""b 2H""",12,"="" 3.24468891""",
"=""3d6.(3H).4s""","=""b 2H""",10,"="" 3.26732671""",
"=""3d6.(3P2).4s""","=""b 2P""",2,"="" 3.33923354""",
"=""3d6.(3F2).4s""","=""a 2F""",8,"="" 3.38661825""",
"=""3d6.(3F2).4s""","=""a 2F""",6,"="" 3.42449356""",
"=""3d6.(3G).4s""","=""b 2G""",10,"="" 3.76769941""",
"=""3d6.(3G).4s""","=""b 2G""",8,"="" 3.81430861""",
"=""3d6.(3D).4s""","=""b 4D""",4,"="" 3.88869686""",
"=""3d6.(3D).4s""","=""b 4D""",2,"="" 3.88919250""",
"=""3d6.(3D).4s""","=""b 4D""",6,"="" 3.89161339""",
"=""3d6.(3D).4s""","=""b 4D""",8,"="" 3.90341906""",
"=""3d7""","=""b 2F""",6,"="" 3.9441623""",
"=""3d7""","=""b 2F""",8,"="" 3.96737644""",
"=""3d6.(1I).4s""","=""a 2I""",14,"="" 4.07605998""",
"=""3d6.(1I).4s""","=""a 2I""",12,"="" 4.0803055""",
"=""3d6.(1G2).4s""","=""c 2G""",10,"="" 4.14931647""",
"=""3d6.(1G2).4s""","=""c 2G""",8,"="" 4.15363129""",
"=""3d6.(3D).4s""","=""b 2D""",4,"="" 4.47910423""",
"=""3d6.(3D).4s""","=""b 2D""",6,"="" 4.49479059""",
"=""3d6.(1S2).4s""","=""a 2S""",2,"="" 4.6155941""",
"=""3d6.(1D2).4s""","=""c 2D""",6,"="" 4.7317602""",
"=""3d6.(1D2).4s""","=""c 2D""",4,"="" 4.7379945""",
"=""3d6.(5D).4p""","=""z 6D*""",10,"="" 4.76830747""",
"=""3d6.(5D).4p""","=""z 6D*""",8,"="" 4.79323577""",
"=""3d6.(5D).4p""","=""z 6D*""",6,"="" 4.81789820""",
"=""3d6.(5D).4p""","=""z 6D*""",4,"="" 4.83702231""",
"=""3d6.(5D).4p""","=""z 6D*""",2,"="" 4.84893721""",
"=""3d6.(5D).4p""","=""z 6F*""",12,"="" 5.20337749""",
"=""3d6.(5D).4p""","=""z 6F*""",10,"="" 5.22157443""",
"=""3d6.(5D).4p""","=""z 6F*""",8,"="" 5.23672772""",
"=""3d6.(5D).4p""","=""z 6F*""",6,"="" 5.24885175""",
"=""3d6.(5D).4p""","=""z 6F*""",4,"="" 5.25709365""",
"=""3d6.(5D).4p""","=""z 6F*""",2,"="" 5.26187092""",
"=""3d6.(5D).4p""","=""z 6P*""",8,"="" 5.28894824""",
"=""3d6.(5D).4p""","=""z 6P*""",6,"="" 5.36090398""",
"=""3d6.(5D).4p""","=""z 6P*""",4,"="" 5.40831276""",
"=""3d6.(5D).4p""","=""z 4F*""",10,"="" 5.48413599""",
"=""3d6.(5D).4p""","=""z 4D*""",8,"="" 5.51071390""",
"=""3d6.(5D).4p""","=""z 4F*""",8,"="" 5.54876624""",
"=""3d6.(5D).4p""","=""z 4D*""",6,"="" 5.55260578""",
"=""3d6.(1F).4s""","=""c 2F""",8,"="" 5.56875734""",
"=""3d6.(1F).4s""","=""c 2F""",6,"="" 5.57055201""",
"=""3d6.(5D).4p""","=""z 4D*""",4,"="" 5.58476799""",
"=""3d6.(5D).4p""","=""z 4F*""",6,"="" 5.58919550""",
"=""3d6.(5D).4p""","=""z 4D*""",2,"="" 5.60488800""",
"=""3d6.(5D).4p""","=""z 4F*""",4,"="" 5.61522263""",
"=""3d6.(5D).4p""","=""z 4P*""",6,"="" 5.82322475""",
"=""3d6.(5D).4p""","=""z 4P*""",4,"="" 5.87558748""",
"=""3d6.(5D).4p""","=""z 4P*""",2,"="" 5.90488507""",
"=""3d7""","=""d 2D1""",4,"="" 5.9109129""",
"=""3d7""","=""d 2D1""",6,"="" 5.95609042""",
"=""3d6.(3P1).4s""","=""c 4P""",2,"="" 6.0877427""",
"=""3d6.(3P1).4s""","=""c 4P""",4,"="" 6.1380760""",
"=""3d6.(3F1).4s""","=""c 4F""",4,"="" 6.2086229""",
"=""3d6.(3F1).4s""","=""c 4F""",6,"="" 6.2169162""",
"=""3d6.(3F1).4s""","=""c 4F""",10,"="" 6.21873433""",
"=""3d6.(3F1).4s""","=""c 4F""",8,"="" 6.22249688""",
"=""3d6.(3P1).4s""","=""c 4P""",6,"="" 6.22559822""",
"=""3d5.(6S).4s.4p.(3P*)""","=""z 8P*""",6,"="" 6.4843500""",
"=""3d5.(6S).4s.4p.(3P*)""","=""z 8P*""",8,"="" 6.5194425""",
"=""3d5.(6S).4s.4p.(3P*)""","=""z 8P*""",10,"="" 6.5669685""",
"=""3d6.(3P1).4s""","=""c 2P""",2,"="" 6.7030021""",
"=""3d5.4s2""","=""b 4G""",12,"="" 6.72393597""",
"=""3d5.4s2""","=""b 4G""",10,"="" 6.72907574""",
"=""3d5.4s2""","=""b 4G""",6,"="" 6.72932284""",
"=""3d5.4s2""","=""b 4G""",8,"="" 6.73026350""",
"=""3d6.(3F1).4s""","=""d 2F""",6,"="" 6.8030800""",
"=""3d6.(3P1).4s""","=""c 2P""",4,"="" 6.8070159""",
"=""3d6.(3F1).4s""","=""d 2F""",8,"="" 6.8072583""",
"=""3d5.4s2""","=""d 4P""",6,"="" 7.11806748""",
"=""3d5.4s2""","=""d 4P""",4,"="" 7.12826481""",
"=""3d5.4s2""","=""d 4P""",2,"="" 7.1388229""",
"=""3d6.(1G1).4s""","=""d 2G""",10,"="" 7.2693948""",
"=""3d6.(1G1).4s""","=""d 2G""",8,"="" 7.2736817""",
"=""3d6.(3P2).4p""","=""z 4S*""",4,"="" 7.3973238""",
"=""3d5.4s2""","=""c 4D""",8,"="" 7.4725712""",
"=""3d5.4s2""","=""c 4D""",2,"="" 7.4867075""",
"=""3d6.(3P2).4p""","=""y 4P*""",6,"="" 7.4889348""",
"=""3d5.4s2""","=""c 4D""",4,"="" 7.4937341""",
"=""3d5.4s2""","=""c 4D""",6,"="" 7.4942595""",
"=""3d6.(3H).4p""","=""z 4G*""",12,"="" 7.5165973""",
"=""3d6.(3H).4p""","=""z 4G*""",10,"="" 7.5391368""",
"=""3d6.(3H).4p""","=""z 4H*""",14,"="" 7.5428961""",
"=""3d6.(3H).4p""","=""z 4H*""",12,"="" 7.5491010""",
"=""3d6.(3H).4p""","=""z 4G*""",8,"="" 7.5576776""",
"=""3d6.(3H).4p""","=""z 4H*""",10,"="" 7.5617273""",
"=""3d6.(3P2).4p""","=""y 4P*""",2,"="" 7.5674109""",
"=""3d6.(3H).4p""","=""z 4G*""",6,"="" 7.5682105""",
"=""3d6.(3P2).4p""","=""z 2D*""",6,"="" 7.5746170""",
"=""3d6.(3H).4p""","=""z 4H*""",8,"="" 7.5824802""",
"=""3d6.(3P2).4p""","=""y 4P*""",4,"="" 7.6042922""",
"=""3d6.(3H).4p""","=""z 4I*""",16,"="" 7.6061288""",
"=""3d6.(3H).4p""","=""z 4I*""",10,"="" 7.6265941""",
"=""3d6.(3H).4p""","=""z 4I*""",14,"="" 7.6284514""",
"=""3d6.(3H).4p""","=""z 4I*""",12,"="" 7.6358402""",
"=""3d6.(3P2).4p""","=""y 4D*""",8,"="" 7.6530572""",
"=""3d5.(6S).4s.4p.(3P*)""","=""y 6P*""",4,"="" 7.6839121""",
"=""3d5.(6S).4s.4p.(3P*)""","=""y 6P*""",6,"="" 7.6931007""",
"=""3d6.(3F2).4p""","=""y 4F*""",8,"="" 7.6951447""",
"=""3d6.(3H).4p""","=""z 2G*""",10,"="" 7.6973256""",
"=""3d6.(3P2).4p""","=""z 2D*""",4,"="" 7.7025932""",
"=""3d6.(3F2).4p""","=""y 4F*""",6,"="" 7.7058106""",
"=""3d6.(3F2).4p""","=""y 4F*""",10,"="" 7.7066254""",
"=""3d5.(6S).4s.4p.(3P*)""","=""y 6P*""",8,"="" 7.7082990""",
"=""3d6.(3F2).4p""","=""y 4F*""",4,"="" 7.7173363""",
"=""3d6.(3H).4p""","=""z 2I*""",14,"="" 7.7233696""",
"=""3d6.(3H).4p""","=""z 2G*""",8,"="" 7.7269984""",
"=""3d6.(3H).4p""","=""z 2I*""",12,"="" 7.7691291""",
"=""3d6.(3P2).4p""","=""y 4D*""",6,"="" 7.7725538""",
"=""3d6.(3P2).4p""","=""y 4D*""",2,"="" 7.7898120""",
"=""3d6.(3F2).4p""","=""x 4D*""",8,"="" 7.8041909""",
"=""3d6.(3P2).4p""","=""y 4D*""",4,"="" 7.8063198""",
"=""3d6.(3F2).4p""","=""x 4D*""",6,"="" 7.8448498""",
"=""3d6.(3F2).4p""","=""x 4D*""",4,"="" 7.8686738""",
"=""3d6.(3F2).4p""","=""x 4D*""",2,"="" 7.8803734""",
"=""3d6.(3F2).4p""","=""y 4G*""",12,"="" 7.9196550""",
"=""3d6.(3F2).4p""","=""y 4G*""",10,"="" 7.9286411""",
"=""3d6.(3F2).4p""","=""y 4G*""",8,"="" 7.9400585""",
"=""3d6.(3F2).4p""","=""y 4G*""",6,"="" 7.9458259""",
"=""3d6.(3F2).4p""","=""z 2F*""",8,"="" 7.9704921""",
"=""3d6.(3F2).4p""","=""z 2F*""",6,"="" 7.9877322""",
"=""3d6.(3P2).4p""","=""z 2P*""",2,"="" 8.0349812""",
"=""3d6.(3F2).4p""","=""y 2G*""",10,"="" 8.0381375""",
"=""3d6.(3P2).4p""","=""z 2P*""",4,"="" 8.0384001""",
"=""3d6.(3F2).4p""","=""y 2G*""",8,"="" 8.0725728""",
"=""3d6.(3H).4p""","=""z 2H*""",12,"="" 8.1040544""",
"=""3d6.(3H).4p""","=""z 2H*""",10,"="" 8.1279417""",
"=""3d6.(3G).4p""","=""x 4G*""",12,"="" 8.1308918""",
"=""3d6.(3G).4p""","=""x 4G*""",10,"="" 8.1452725""",
"=""3d6.(3G).4p""","=""x 4G*""",8,"="" 8.1744466""",
"=""3d6.(3G).4p""","=""x 4F*""",10,"="" 8.1845410""",
"=""3d6.(3G).4p""","=""x 4G*""",6,"="" 8.1926616""",
"=""3d6.(3P2).4p""","=""z 2S*""",2,"="" 8.2137854""",
"=""3d6.(3G).4p""","=""x 4F*""",8,"="" 8.2297382""",
"=""3d6.(3G).4p""","=""y 4H*""",14,"="" 8.2340029""",
"=""3d6.(3G).4p""","=""y 4H*""",12,"="" 8.2404290""",
"=""3d6.(3G).4p""","=""x 4F*""",6,"="" 8.2477153""",
"=""3d6.(3G).4p""","=""y 4H*""",10,"="" 8.2559890""",
"=""3d6.(3G).4p""","=""x 4F*""",4,"="" 8.2589171""",
"=""3d6.(3G).4p""","=""y 4H*""",8,"="" 8.2663161""",
"=""3d6.(3F2).4p""","=""y 2D*""",6,"="" 8.3070070""",
"=""3d6.(3F2).4p""","=""y 2D*""",4,"="" 8.3408923""",
"=""3d6.(3G).4p""","=""y 2H*""",12,"="" 8.3709578""",
"=""3d6.(3G).4p""","=""y 2H*""",10,"="" 8.4310228""",
"=""3d5.(6S).4s.4p.(3P*)""","=""x 4P*""",6,"="" 8.5676090""",
"=""3d5.(6S).4s.4p.(3P*)""","=""x 4P*""",4,"="" 8.5923636""",
"=""3d5.(6S).4s.4p.(3P*)""","=""x 4P*""",2,"="" 8.6078527""",
"=""3d6.(3G).4p""","=""y 2F*""",8,"="" 8.6301144""",
"=""3d6.(3G).4p""","=""y 2F*""",6,"="" 8.6355591""",
"=""3d6.(3G).4p""","=""x 2G*""",10,"="" 8.7179023""",
"=""3d6.(3G).4p""","=""x 2G*""",8,"="" 8.7438237""",
"=""3d6.(1I).4p""","=""z 2K*""",14,"="" 8.8012250""",
"=""3d6.(1I).4p""","=""z 2K*""",16,"="" 8.8565248""",
"=""3d6.(3D).4p""","=""w 4P*""",6,"="" 8.9224918""",
"=""3d6.(3D).4p""","=""w 4P*""",4,"="" 8.9322010""",
"=""3d6.(1G2).4p""","=""x 2H*""",10,"="" 8.9430267""",
"=""3d6.(3D).4p""","=""w 4F*""",4,"="" 8.9478161""",
"=""3d6.(3D).4p""","=""w 4P*""",2,"="" 8.9532696""",
"=""3d6.(3D).4p""","=""w 4F*""",6,"="" 8.9564405""",
"=""3d6.(1G2).4p""","=""x 2H*""",12,"="" 8.9593142""",
"=""3d6.(3D).4p""","=""w 4F*""",8,"="" 8.9705104""",
"=""3d6.(3D).4p""","=""w 4D*""",2,"="" 8.9801352""",
"=""3d6.(3D).4p""","=""w 4D*""",4,"="" 8.9918996""",
"=""3d6.(3D).4p""","=""w 4D*""",6,"="" 9.0036704""",
"=""3d6.(3D).4p""","=""w 4F*""",10,"="" 9.0075386""",
"=""3d6.(3D).4p""","=""w 4D*""",8,"="" 9.0076893""",
"=""3d6.(1G2).4p""","=""x 2F*""",8,"="" 9.0528530""",
"=""3d6.(1G2).4p""","=""x 2F*""",6,"="" 9.0576548""",
"=""3d6.(1G2).4p""","=""w 2G*""",10,"="" 9.0622072""",
"=""3d6.(1G2).4p""","=""w 2G*""",8,"="" 9.0686191""",
"=""3d6.(3D).4p""","=""y 2P*""",2,"="" 9.0740710""",
"=""3d6.(3D).4p""","=""y 2P*""",4,"="" 9.0742936""",
"=""3d5.4s2""","=""4F""",10,"="" 9.0996679""",
"=""3d5.4s2""","=""4F""",6,"="" 9.0999233""",
"=""3d5.4s2""","=""4F""",8,"="" 9.1118775""",
"=""3d6.(1I).4p""","=""w 2H*""",12,"="" 9.1256755""",
"=""3d5.4s2""","=""4F""",4,"="" 9.1298598""",
"=""3d6.(1I).4p""","=""w 2H*""",10,"="" 9.1439928""",
"=""3d6.(1I).4p""","=""y 2I*""",14,"="" 9.1707197""",
"=""3d6.(1I).4p""","=""y 2I*""",12,"="" 9.1710815""",
"=""3d6.(3D).4p""","=""x 2D*""",4,"="" 9.2365863""",
"=""3d6.(3D).4p""","=""x 2D*""",6,"="" 9.2500722""",
"=""3d6.(3D).4p""","=""w 2F*""",8,"="" 9.3733170""",
"=""3d6.(3D).4p""","=""w 2F*""",6,"="" 9.4122703""",
"=""3d6.(1S2).4p""","=""x 2P*""",4,"="" 9.4388507""",
"=""3d6.(1S2).4p""","=""x 2P*""",2,"="" 9.4943920""",
"=""3d6.(1D2).4p""","=""v 2F*""",6,"="" 9.6388708""",
"=""3d6.(5D).5s""","=""e 6D""",10,"="" 9.6536143""",
"=""3d6.(1D2).4p""","=""v 2F*""",8,"="" 9.6878034""",
"=""3d5.4s2""","=""2G2""",8,"="" 9.6937051""",
"=""3d6.(5D).5s""","=""e 6D""",8,"="" 9.7002396""",
"=""3d6.(1D2).4p""","=""w 2D*""",4,"="" 9.7311656""",
"=""3d6.(5D).5s""","=""e 6D""",6,"="" 9.7359140""",
"=""3d5.4s2""","=""2G2""",10,"="" 9.7423390""",
"=""3d6.(1D2).4p""","=""w 2D*""",6,"="" 9.7564232""",
"=""3d6.(5D).5s""","=""e 6D""",4,"="" 9.7607579""",
"=""3d6.(1D2).4p""","=""w 2P*""",2,"="" 9.7751463""",
"=""3d6.(5D).5s""","=""e 6D""",2,"="" 9.7754140""",
"=""3d6.(1D2).4p""","=""w 2P*""",4,"="" 9.8249371""",
"=""3d5.(6S).4s.4p.(1P*)""","=""x 6P*""",4,"="" 9.8252426""",
"=""3d5.(6S).4s.4p.(1P*)""","=""x 6P*""",6,"="" 9.8300771""",
"=""3d5.(6S).4s.4p.(1P*)""","=""x 6P*""",8,"="" 9.8358352""",
"=""3d6.(5D).5s""","=""e 4D""",8,"="" 9.8492422""",
"=""3d6.(5D).5s""","=""e 4D""",6,"="" 9.9045425""",
"=""3d6.(5D).5s""","=""e 4D""",4,"="" 9.9408057""",
"=""3d6.(5D).5s""","=""e 4D""",2,"="" 9.9616418""",
"=""3d5.4s2""","=""2F2""",6,"="" 10.1219773""",
"=""3d5.4s2""","=""2F2""",8,"="" 10.1338154""",
"=""3d6.(5D).4d""","=""e 6F""",12,"="" 10.2725501""",
"=""3d6.(5D).4d""","=""e 6F""",10,"="" 10.2880497""",
"=""3d6.(5D).4d""","=""e 6F""",8,"="" 10.3076133""",
"=""3d6.(1F).4p""","=""v 2G*""",8,"="" 10.3285320""",
"=""3d6.(5D).4d""","=""e 6F""",6,"="" 10.3289055""",
"=""3d6.(5D).4d""","=""e 6F""",4,"="" 10.3476866""",
"=""3d6.(5D).4d""","=""e 6F""",2,"="" 10.3599422""",
"=""3d6.(5D).4d""","=""6D""",8,"="" 10.3791615""",
"=""3d6.(5D).4d""","=""6D""",10,"="" 10.3807526""",
"=""3d6.(5D).4d""","=""6D""",6,"="" 10.3914073""",
"=""3d6.(1F).4p""","=""v 2D*""",6,"="" 10.3983625""",
"=""3d6.(1F).4p""","=""v 2G*""",10,"="" 10.3987045""",
"=""3d6.(5D).4d""","=""6D""",4,"="" 10.4134460""",
"=""3d6.(5D).4d""","=""e 6G""",14,"="" 10.4190334""",
"=""3d6.(5D).4d""","=""6D""",2,"="" 10.4309920""",
"=""3d6.(5D).4d""","=""6P""",8,"="" 10.4477261""",
"=""3d6.(5D).4d""","=""e 6G""",12,"="" 10.4514812""",
"=""3d6.(5D).4d""","=""6P""",6,"="" 10.4552114""",
"=""3d6.(1F).4p""","=""v 2D*""",4,"="" 10.4592796""",
"=""3d6.(5D).4d""","=""6P""",4,"="" 10.4672943""",
"=""3d6.(5D).4d""","=""e 6G""",10,"="" 10.4801123""",
"=""3d6.(5D).4d""","=""f 4D""",8,"="" 10.4996322""",
"=""3d6.(5D).4d""","=""e 6G""",8,"="" 10.5027943""",
"=""3d6.(5D).4d""","=""e 6G""",6,"="" 10.5194227""",
"=""3d6.(5D).4d""","=""e 4G""",12,"="" 10.5217184""",
"=""3d6.(5D).4d""","=""f 4D""",6,"="" 10.5226519""",
"=""3d6.(5D).4d""","=""e 6G""",4,"="" 10.5310027""",
"=""3d6.(5D).4d""","=""f 4D""",4,"="" 10.5446893""",
"=""3d6.(5D).4d""","=""f 4D""",2,"="" 10.5600846""",
"=""3d6.(5D).4d""","=""e 4G""",10,"="" 10.5615658""",
"=""3d6.(5D).4d""","=""e 4G""",8,"="" 10.5960500""",
"=""3d6.(5D).4d""","=""6S""",6,"="" 10.6000744""",
"=""3d6.(5D).4d""","=""e 4G""",6,"="" 10.6229357""",
"=""3d6.(5D).4d""","=""4S""",4,"="" 10.6290223""",
"=""3d6.(5D).4d""","=""e 4F""",10,"="" 10.6780583""",
"=""3d6.(3P1).4p""","=""v 4D*""",2,"="" 10.7108444""",
"=""3d6.(5D).4d""","=""e 4F""",8,"="" 10.7142644""",
"=""3d6.(1F).4p""","=""u 2F*""",8,"="" 10.7224709""",
"=""3d6.(3P1).4p""","=""v 4D*""",4,"="" 10.7300763""",
"=""3d6.(1F).4p""","=""u 2F*""",6,"="" 10.7305134""",
"=""3d6.(5D).4d""","=""e 4F""",6,"="" 10.7370057""",
"=""3d6.(5D).4d""","=""e 4F""",4,"="" 10.7507828""",
"=""3d6.(3P1).4p""","=""v 4D*""",6,"="" 10.7578131""",
"=""3d6.(3P1).4p""","=""v 4D*""",8,"="" 10.7779047""",
"=""3d5.(4G).4s.4p.(3P*)""","=""y 6F*""",12,"="" 10.8288892""",
"=""3d5.(4G).4s.4p.(3P*)""","=""y 6F*""",10,"="" 10.8451196""",
"=""3d5.(4G).4s.4p.(3P*)""","=""y 6F*""",8,"="" 10.8532849""",
"=""3d5.(4G).4s.4p.(3P*)""","=""y 6F*""",6,"="" 10.8576631""",
"=""3d5.(4P).4s.4p.(3P*)""","=""6D*""",4,"="" 10.8613053""",
"=""3d5.(4P).4s.4p.(3P*)""","=""6D*""",2,"="" 10.865516""",
"=""3d5.(4G).4s.4p.(3P*)""","=""y 6F*""",2,"="" 10.8979851""",
"=""3d5.(4G).4s.4p.(3P*)""","=""y 6F*""",4,"="" 10.9062870""",
"=""3d6.(5D).4d""","=""4P""",6,"="" 10.9088324""",
"=""3d5.(4P).4s.4p.(3P*)""","=""6D*""",6,"="" 10.9179622""",
"=""3d6.(5D).4d""","=""4P""",4,"="" 10.9300968""",
"=""3d6.(5D).4d""","=""4P""",2,"="" 10.9340507""",
"=""3d5.(4P).4s.4p.(3P*)""","=""6D*""",8,"="" 10.9365793""",
"=""3d5.(4P).4s.4p.(3P*)""","=""6D*""",10,"="" 10.9868006""",
"=""3d6.(5D).5p""","=""6D*""",10,"="" 11.0002994""",
"=""3d6.(5D).5p""","=""6D*""",8,"="" 11.0164343""",
"=""3d6.(5D).5p""","=""6D*""",6,"="" 11.0494038""",
"=""3d5.(4P).4s.4p.(3P*)""","=""6P*""",8,"="" 11.0505342""",
"=""3d6.(5D).5p""","=""6D*""",4,"="" 11.0756571""",
"=""3d5.(4P).4s.4p.(3P*)""","=""6P*""",6,"="" 11.0896991""",
"=""3d6.(5D).5p""","=""6D*""",2,"="" 11.0930363""",
"=""3d5.(4P).4s.4p.(3P*)""","=""6P*""",4,"="" 11.1122017""",
"=""3d6.(3F1).4p""","=""4G*""",6,"="" 11.1247777""",
"=""3d6.(3F1).4p""","=""4G*""",8,"="" 11.1449887""",
"=""3d6.(5D).5p""","=""6F*""",12,"="" 11.1491737""",
"=""3d6.(5D).5p""","=""4F*""",10,"="" 11.1638849""",
"=""3d6.(3F1).4p""","=""4G*""",10,"="" 11.1669291""",
"=""3d6.(3F1).4p""","=""4G*""",12,"="" 11.1848145""",
"=""3d6.(5D).5p""","=""6F*""",8,"="" 11.1958510""",
"=""3d6.(5D).5p""","=""6F*""",10,"="" 11.2065018""",
"=""3d6.(5D).5p""","=""4D*""",8,"="" 11.2079078""",
"=""3d6.(5D).5p""","=""6F*""",6,"="" 11.2190607""",
"=""3d6.(5D).5p""","=""6F*""",4,"="" 11.2321638""",
"=""3d6.(3P1).4p""","=""4S*""",4,"="" 11.2366645""",
"=""3d6.(5D).5p""","=""4D*""",6,"="" 11.2377818""",
"=""3d6.(5D).5p""","=""6F*""",2,"="" 11.2389481""",
"=""3d6.(5D).5p""","=""4F*""",8,"="" 11.2553628""",
"=""3d6.(3P1).4p""","=""4P*""",2,"="" 11.2626611""",
"=""3d6.(5D).5p""","=""4D*""",4,"="" 11.2700245""",
"=""3d6.(5D).5p""","=""4P*""",6,"="" 11.2703037""",
"=""3d6.(3P1).5p""","=""4P*""",4,"="" 11.2885412""",
"=""3d6.(5D).5p""","=""4F*""",6,"="" 11.2913111""",
"=""3d6.(5D).5p""","=""w 6P*""",8,"="" 11.3033835""",
"=""3d6.(5D).5p""","=""4D*""",2,"="" 11.3073311""",
"=""3d6.(5D).5p""","=""4F*""",4,"="" 11.3084614""",
"=""3d6.(5D).5p""","=""w 6P*""",6,"="" 11.3538714""",
"=""3d6.(5D).5p""","=""w 6P*""",4,"="" 11.3871409""",
"=""3d5.(4D).4s.4p.(3P*)""","=""6F*""",2,"="" 11.3880210""",
"=""3d5.(4D).4s.4p.(3P*)""","=""6F*""",4,"="" 11.3960783""",
"=""3d5.(4D).4s.4p.(3P*)""","=""6F*""",6,"="" 11.4088681""",
"=""3d5.(4G).4s.4p.(3P*)""","=""x 4H*""",8,"="" 11.417586""",
"=""3d5.(4G).4s.4p.(3P*)""","=""x 4H*""",10,"="" 11.4209940""",
"=""3d5.(4D).4s.4p.(3P*)""","=""6F*""",8,"="" 11.4256589""",
"=""3d5.(4G).4s.4p.(3P*)""","=""x 4H*""",12,"="" 11.4271793""",
"=""3d6.(3F1).4p""","=""u 2G*""",10,"="" 11.4278331""",
"=""3d6.(3P1).4p""","=""u 2D*""",4,"="" 11.4333753""",
"=""3d6.(5D).5p""","=""4P*""",4,"="" 11.4345108""",
"=""3d5.(4G).4s.4p.(3P*)""","=""x 4H*""",14,"="" 11.4375285""",
"=""3d6.(3P1).4p""","=""4P*""",6,"="" 11.4405332""",
"=""3d5.(4G).4s.4p.(3P*)""","=""v 4F*""",8,"="" 11.4415681""",
"=""3d5.(4D).4s.4p.(3P*)""","=""6F*""",10,"="" 11.4437749""",
"=""3d6.(5D).5p""","=""4P*""",2,"="" 11.4455720""",
"=""3d5.(4G).4s.4p.(3P*)""","=""v 4F*""",6,"="" 11.4474493""",
"=""3d5.(4G).4s.4p.(3P*)""","=""v 4F*""",4,"="" 11.4510101""",
"=""3d5.(4G).4s.4p.(3P*)""","=""v 4F*""",10,"="" 11.4594834""",
"=""3d5.(4D).4s.4p.(3P*)""","=""6F*""",12,"="" 11.4601196""",
"=""3d6.(3F1).4p""","=""4D*""",2,"="" 11.4627564""",
"=""3d6.(3F1).4p""","=""u 2G*""",8,"="" 11.4812729""",
"=""3d6.(3F1).4p""","=""4D*""",4,"="" 11.4868373""",
"=""3d6.(3P1).4p""","=""u 2D*""",6,"="" 11.4927646""",
"=""3d6.(3F1).4p""","=""4D*""",6,"="" 11.5180460""",
"=""3d6.(3F1).4p""","=""4D*""",8,"="" 11.5466334""",
"=""3d6.(3F1).4p""","=""u 4F*""",4,"="" 11.5712658""",
"=""3d6.(3F1).4p""","=""u 4F*""",6,"="" 11.579555""",
"=""3d6.(3F1).4p""","=""u 4F*""",10,"="" 11.5906134""",
"=""3d6.(3F1).4p""","=""u 4F*""",8,"="" 11.5909917""",
"=""3d5.(4D).4s.4p.(3P*)""","=""6D*""",6,"="" 11.6335565""",
"=""3d5.(4D).4s.4p.(3P*)""","=""6D*""",4,"="" 11.6347274""",
"=""3d5.(4D).4s.4p.(3P*)""","=""6D*""",8,"="" 11.6529591""",
"=""3d5.(4G).4s.4p.(3P*)""","=""w 4G*""",6,"="" 11.6530493""",
"=""3d5.(4D).4s.4p.(3P*)""","=""6D*""",2,"="" 11.6584040""",
"=""3d5.(4D).4s.4p.(3P*)""","=""6D*""",10,"="" 11.6616719""",
"=""3d5.(4G).4s.4p.(3P*)""","=""w 4G*""",8,"="" 11.6636022""",
"=""3d5.(4G).4s.4p.(3P*)""","=""w 4G*""",10,"="" 11.6729127""",
"=""3d5.(4G).4s.4p.(3P*)""","=""w 4G*""",12,"="" 11.6780141""",
"=""3d5.(4P).4s.4p.(3P*)""","=""4P*""",6,"="" 11.6807228""",
"=""3d5.(4D).4s.4p.(3P*)""","=""6P*""",6,"="" 11.7394541""",
"=""3d6.(3F1).4p""","=""2D*""",6,"="" 11.7413550""",
"=""3d5.(4P).4s.4p.(3P*)""","=""4P*""",4,"="" 11.7461558""",
"=""3d5.(4D).4s.4p.(3P*)""","=""6P*""",8,"="" 11.7491416""",
"=""3d5.(4P).4s.4p.(3P*)""","=""4P*""",2,"="" 11.7636933""",
"=""3d6.(3F1).4p""","=""2F*""",6,"="" 11.7842241""",
"=""3d6.(3F1).4p""","=""2F*""",8,"="" 11.7883360""",
"=""3d5.(4P).4s.4p.(3P*)""","=""4D*""",2,"="" 11.8736657""",
"=""3d5.(4P).4s.4p.(3P*)""","=""4D*""",4,"="" 11.8849108""",
"=""3d5.(4P).4s.4p.(3P*)""","=""4D*""",6,"="" 11.9019644""",
"=""3d5.(4G).4s.4p.(3P*)""","=""2H*""",12,"="" 11.9101771""",
"=""3d5.(4P).4s.4p.(3P*)""","=""4D*""",8,"="" 11.9294769""",
"=""3d5.(4G).4s.4p.(3P*)""","=""2H*""",10,"="" 11.9321669""",
"=""3d5.(4G).4s.4p.(3P*)""","=""t 2F*""",6,"="" 11.9371037""",
"=""3d5.(4G).4s.4p.(3P*)""","=""t 2F*""",8,"="" 11.9466897""",
"=""3d5.(4P).4s.4p.(3P*)""","=""2P*""",4,"="" 12.0669485""",
"=""3d6.(3P2).5s""","=""4P""",6,"="" 12.0893786""",
"=""3d6.(1G1).4p""","=""2H*""",10,"="" 12.1320190""",
"=""3d6.(3P2).5s""","=""4P""",4,"="" 12.1646572""",
"=""3d6.(3H).5s""","=""e 4H""",14,"="" 12.1665863""",
"=""3d5.(4D).4s.4p.(3P*)""","=""4F*""",4,"="" 12.1747693""",
"=""3d6.(1G1).4p""","=""2H*""",12,"="" 12.1850247""",
"=""3d6.(3H).5s""","=""e 4H""",12,"="" 12.1870155""",
"=""3d5.(4P).4s.4p.(3P*)""","=""4S*""",4,"="" 12.1924024""",
"=""3d5.(4D).4s.4p.(3P*)""","=""4F*""",6,"="" 12.1944232""",
"=""3d5.(4D).4s.4p.(3P*)""","=""4D*""",8,"="" 12.1989689""",
"=""3d6.(3H).5s""","=""e 4H""",10,"="" 12.2056752""",
"=""3d5.(4D).4s.4p.(3P*)""","=""4D*""",6,"="" 12.2130662""",
"=""3d5.(4D).4s.4p.(3P*)""","=""4F*""",8,"="" 12.2169083""",
"=""3d6.(3H).5s""","=""e 4H""",8,"="" 12.2209869""",
"=""3d5.(4D).4s.4p.(3P*)""","=""4F*""",10,"="" 12.2244065""",
"=""3d5.(4D).4s.4p.(3P*)""","=""4D*""",4,"="" 12.2459559""",
"=""3d6.(1G1).4p""","=""2F*""",8,"="" 12.2618625""",
"=""3d5.(4D).4s.4p.(3P*)""","=""4D*""",2,"="" 12.2753875""",
"=""3d6.(3P2).5s""","=""4P""",2,"="" 12.2815138""",
"=""3d6.(3P2).5s""","=""2P""",4,"="" 12.2829242""",
"=""3d6.(3F2).5s""","=""f 4F""",10,"="" 12.3455088""",
"=""3d5.(4G).4s.4p.(3P*)""","=""2G*""",8,"="" 12.3532177""",
"=""3d6.(1G1).4p""","=""2G*""",10,"="" 12.3554292""",
"=""3d6.(3F2).5s""","=""f 4F""",8,"="" 12.3597808""",
"=""3d5.(4G).4s.4p.(3P*)""","=""2G*""",10,"="" 12.3683178""",
"=""3d6.(1G1).4p""","=""2G*""",8,"="" 12.3746829""",
"=""3d6.(3F2).5s""","=""f 4F""",6,"="" 12.3766049""",
"=""3d6.(3F2).5s""","=""f 4F""",4,"="" 12.3883229""",
"=""3d6.(3P2).5s""","=""2P""",2,"="" 12.3887082""",
"=""3d5.(4P).4s.4p.(3P*)""","=""2D*""",6,"="" 12.448073""",
"=""3d6.(3F2).5s""","=""e 2F""",8,"="" 12.4594232""",
"=""3d6.(3F2).5s""","=""e 2F""",6,"="" 12.4913863""",
"=""3d5.(4D).4s.4p.(3P*)""","=""4P*""",2,"="" 12.572292""",
"=""3d5.(4D).4s.4p.(3P*)""","=""4P*""",4,"="" 12.5935681""",
"=""3d6.(5D).6s""","=""6D""",10,"="" 12.6090094""",
"=""3d5.(4D).4s.4p.(3P*)""","=""4P*""",6,"="" 12.6099986""",
"=""3d6.(5D).6s""","=""6D""",8,"="" 12.6502274""",
"=""3d6.(5D).6s""","=""6D""",6,"="" 12.6878163""",
"=""3d5.(2I).4s.4p.(3P*)""","=""4K*""",12,"="" 12.6886004""",
"=""3d6.(5D).6s""","=""4D""",8,"="" 12.6953327""",
"=""3d5.(4D).4s.4p.(3P*)""","=""2D*""",6,"="" 12.702075""",
"=""3d5.(2I).4s.4p.(3P*)""","=""4K*""",14,"="" 12.7071549""",
"=""3d5.(4D).4s.4p.(3P*)""","=""2D*""",4,"="" 12.708840""",
"=""3d6.(5D).6s""","=""6D""",4,"="" 12.7137971""",
"=""3d6.(3G).5s""","=""f 4G""",12,"="" 12.7189170""",
"=""3d6.(5D).6s""","=""6D""",2,"="" 12.7290536""",
"=""3d6.(5D).6s""","=""4D""",6,"="" 12.7458673""",
"=""3d6.(3G).5s""","=""f 4G""",10,"="" 12.7486745""",
"=""3d6.(5D<4>).4f""","=""2[5]*""",12,"="" 12.7494678""",
"=""3d6.(5D<4>).4f""","=""2[6]*""",14,"="" 12.7505746""",
"=""3d6.(5D<4>).4f""","=""2[5]*""",10,"="" 12.7519476""",
"=""3d6.(5D<4>).4f""","=""2[4]*""",10,"="" 12.7557949""",
"=""3d6.(5D<4>).4f""","=""2[4]*""",8,"="" 12.7563835""",
"=""3d6.(5D<4>).4f""","=""2[6]*""",12,"="" 12.7571589""",
"=""3d6.(5D<4>).4f""","=""2[3]*""",8,"="" 12.7632131""",
"=""3d6.(5D<4>).4f""","=""2[3]*""",6,"="" 12.7644423""",
"=""3d5.(2I).4s.4p.(3P*)""","=""4I*""",12,"="" 12.7679299""",
"=""3d6.(3P2).4d""","=""4D""",6,"="" 12.7707022""",
"=""3d6.(5D<4>).4f""","=""2[7]*""",14,"="" 12.7728134""",
"=""3d6.(5D<4>).4f""","=""2[2]*""",6,"="" 12.7733903""",
"=""3d6.(5D<4>).4f""","=""2[2]*""",4,"="" 12.7746894""",
"=""3d6.(3G).5s""","=""f 4G""",8,"="" 12.7752353""",
"=""3d6.(5D<4>).4f""","=""2[7]*""",16,"="" 12.7753777""",
"=""3d5.4s.(7S).5s""","=""8S""",8,"="" 12.7821371""",
"=""3d6.(3P2).4d""","=""4D""",8,"="" 12.7831241""",
"=""3d6.(5D<4>).4f""","=""2[1]*""",4,"="" 12.7841142""",
"=""3d6.(5D).6s""","=""4D""",4,"="" 12.7850548""",
"=""3d5.(2I).4s.4p.(3P*)""","=""4I*""",14,"="" 12.785375""",
"=""3d6.(5D<4>).4f""","=""2[1]*""",2,"="" 12.7859594""",
"=""3d6.(3P2).4d""","=""4F""",10,"="" 12.7908695""",
"=""3d6.(3G).5s""","=""f 4G""",6,"="" 12.7917192""",
"=""3d5.(4D).4s.4p.(3P*)""","=""2F*""",8,"="" 12.7931471""",
"=""3d6.(3P2).4d""","=""2F""",8,"="" 12.7941734""",
"=""3d5.(2I).4s.4p.(3P*)""","=""4I*""",16,"="" 12.7991829""",
"=""3d6.(5D).6s""","=""4D""",2,"="" 12.8033198""",
"=""3d6.(5D<3>).4f""","=""2[5]*""",12,"="" 12.8107881""",
"=""3d6.(5D<3>).4f""","=""2[4]*""",10,"="" 12.8108465""",
"=""3d5.(4D).4s.4p.(3P*)""","=""2F*""",6,"="" 12.811801""",
"=""3d6.(5D<3>).4f""","=""2[4]*""",8,"="" 12.8126137""",
"=""3d6.(5D<3>).4f""","=""2[5]*""",10,"="" 12.8141045""",
"=""3d6.(5D<3>).4f""","=""2[3]*""",6,"="" 12.8156139""",
"=""3d6.(5D<3>).4f""","=""2[3]*""",8,"="" 12.8182037""",
"=""3d6.(5D<3>).4f""","=""2[2]*""",4,"="" 12.8188939""",
"=""3d6.(5D<3>).4f""","=""2[2]*""",6,"="" 12.8207506""",
"=""3d6.(5D<3>).4f""","=""2[1]*""",4,"="" 12.8221898""",
"=""3d6.(5D<3>).4f""","=""2[0]*""",2,"="" 12.8222325""",
"=""3d6.(5D<3>).4f""","=""2[6]*""",12,"="" 12.8224715""",
"=""3d6.(5D<3>).4f""","=""2[6]*""",14,"="" 12.8225962""",
"=""3d6.(5D<3>).4f""","=""2[1]*""",2,"="" 12.8245941""",
"=""3d6.(3P2).4d""","=""2F""",6,"="" 12.8444417""",
"=""3d6.(3H).4d""","=""4G""",12,"="" 12.8448160""",
"=""3d6.(3G).5s""","=""e 2G""",10,"="" 12.8458690""",
"=""3d6.(3H).4d""","=""4H""",14,"="" 12.8469422""",
"=""3d6.(3H).4d""","=""4K""",18,"="" 12.8503132""",
"=""3d6.(5D<2>).4f""","=""2[2]*""",4,"="" 12.8503740""",
"=""3d6.(5D<2>).4f""","=""2[2]*""",6,"="" 12.8523307""",
"=""3d6.(5D<2>).4f""","=""2[1]*""",4,"="" 12.8532884""",
"=""3d6.(5D<2>).4f""","=""2[1]*""",2,"="" 12.8542212""",
"=""3d6.(5D<2>).4f""","=""2[3]*""",8,"="" 12.8542909""",
"=""3d6.(5D<2>).4f""","=""2[5]*""",10,"="" 12.8547671""",
"=""3d6.(5D).5d""","=""4F""",10,"="" 12.8550633""",
"=""3d6.(5D<2>).4f""","=""2[5]*""",12,"="" 12.8560572""",
"=""3d6.(5D<2>).4f""","=""2[3]*""",6,"="" 12.8569773""",
"=""3d6.(5D<2>).4f""","=""2[4]*""",10,"="" 12.8573818""",
"=""3d6.(3H).4d""","=""4K""",16,"="" 12.8579705""",
"=""3d6.(5D<2>).4f""","=""2[4]*""",8,"="" 12.8586008""",
"=""3d6.(3H).4d""","=""4H""",12,"="" 12.8635679""",
"=""3d6.(3H).4d""","=""4G""",10,"="" 12.8660067""",
"=""3d6.(3P2).4d""","=""4D""",2,"="" 12.8700712""",
"=""3d6.(5D).5d""","=""4F""",8,"="" 12.8713640""",
"=""3d6.(3H).4d""","=""4K""",14,"="" 12.8735344""",
"=""3d6.(5D<1>).4f""","=""2[2]*""",6,"="" 12.8767266""",
"=""3d6.(5D<1>).4f""","=""2[2]*""",4,"="" 12.8781204""",
"=""3d6.(5D<1>).4f""","=""2[4]*""",10,"="" 12.8787396""",
"=""3d6.(3H).4d""","=""4H""",10,"="" 12.8787670""",
"=""3d6.(3H).4d""","=""4I""",16,"="" 12.8792764""",
"=""3d6.(5D<1>).4f""","=""2[4]*""",8,"="" 12.8798182""",
"=""3d6.(3H).4d""","=""4G""",8,"="" 12.8846409""",
"=""3d6.(5D).5d""","=""6F""",12,"="" 12.8864963""",
"=""3d6.(5D).5d""","=""6F""",10,"="" 12.8882321""",
"=""3d5.(4P).4s.4p.(3P*)""","=""2S*""",2,"="" 12.8903340""",
"=""3d6.(5D<1>).4f""","=""2[3]*""",8,"="" 12.8906141""",
"=""3d6.(3H).4d""","=""4K""",12,"="" 12.8911060""",
"=""3d6.(3G).5s""","=""e 2G""",8,"="" 12.8923104""",
"=""3d6.(3H).4d""","=""4H""",8,"="" 12.8926628""",
"=""3d6.(5D<1>).4f""","=""2[3]*""",6,"="" 12.8928690""",
"=""3d6.(5D).5d""","=""6P""",8,"="" 12.8944571""",
"=""3d6.(5D<0>).4f""","=""2[3]*""",8,"="" 12.8972034""",
"=""3d6.(5D).5d""","=""4F""",6,"="" 12.8973225""",
"=""3d6.(3H).4d""","=""4G""",6,"="" 12.8996498""",
"=""3d6.(5D<0>).4f""","=""2[3]*""",6,"="" 12.9001119""",
"=""3d6.(3H).4d""","=""4I""",14,"="" 12.9023740""",
"=""3d6.(3P2).4d""","=""4F""",8,"="" 12.9077394""",
"=""3d6.(3H).4d""","=""2K""",16,"="" 12.9092025""",
"=""3d6.(5D).5d""","=""6P""",6,"="" 12.9092650""",
"=""3d6.(3H).4d""","=""4I""",12,"="" 12.9159652""",
"=""3d6.(3H).4d""","=""4F""",4,"="" 12.9178370""",
"=""3d6.(3H).4d""","=""4I""",10,"="" 12.9182220""",
"=""3d6.(3H).4d""","=""2F""",6,"="" 12.9203460""",
"=""3d6.(3H).4d""","=""2K""",14,"="" 12.9334579""",
"=""3d6.(5D).5d""","=""6G""",14,"="" 12.9398343""",
"=""3d6.(5D).5d""","=""6F""",8,"="" 12.9415873""",
"=""3d6.(5D).5d""","=""6D""",10,"="" 12.9453973""",
"=""3d6.(5D).5d""","=""6F""",6,"="" 12.9472309""",
"=""3d6.(3H).4d""","=""2F""",8,"="" 12.9540682""",
"=""3d5.(2D3).4s.4p.(3P*)""","=""4F*""",4,"="" 12.9570132""",
"=""3d6.(3H).4d""","=""4F""",6,"="" 12.9572238""",
"=""3d6.(3P2).4d""","=""4F""",6,"="" 12.9649317""",
"=""3d6.(3P2).4d""","=""4F""",4,"="" 12.9653902""",
"=""3d6.(5D).5d""","=""6D""",4,"="" 12.9673497""",
"=""3d6.(5D).5d""","=""6G""",12,"="" 12.9679155""",
"=""3d6.(3H).4d""","=""2I""",14,"="" 12.9715130""",
"=""3d6.(5D).5d""","=""6F""",4,"="" 12.9725199""",
"=""3d5.(2I).4s.4p.(3P*)""","=""4H*""",14,"="" 12.9760803""",
"=""3d6.(5D).5d""","=""6D""",8,"="" 12.9818165""",
"=""3d6.(3P2).4d""","=""2P""",2,"="" 12.9856663""",
"=""3d6.(3F2).4d""","=""4P""",6,"="" 12.9859880""",
"=""3d6.(5D).5d""","=""6D""",2,"="" 12.9882304""",
"=""3d6.(3H).4d""","=""2I""",12,"="" 12.9892615""",
"=""3d6.(3H).4d""","=""2G""",10,"="" 12.9944385""",
"=""3d5.(2I).4s.4p.(3P*)""","=""4H*""",12,"="" 12.9956148""",
"=""3d6.(5D).5d""","=""6D""",6,"="" 12.9970358""",
"=""3d6.(3F2).4d""","=""4P""",4,"="" 12.9985021""",
"=""3d6.(5D).5d""","=""6P""",4,"="" 13.0013649""",
"=""3d6.(5D).5d""","=""4G""",12,"="" 13.0014086""",
"=""3d6.(5D).5d""","=""6G""",10,"="" 13.0020396""",
"=""3d6.(5D).5d""","=""4D""",8,"="" 13.0026236""",
"=""3d6.(3F2).4d""","=""4F""",10,"="" 13.0079946""",
"=""3d5.(2I).4s.4p.(3P*)""","=""4H*""",10,"="" 13.0106179""",
"=""3d6.(3F2).4d""","=""4D""",8,"="" 13.0175819""",
"=""3d5.(2I).4s.4p.(3P*)""","=""4H*""",8,"="" 13.0218790""",
"=""3d6.(3F2).4d""","=""4G""",12,"="" 13.0262214""",
"=""3d6.(5D).5d""","=""6G""",8,"="" 13.0264775""",
"=""3d6.(3F2).4d""","=""4P""",2,"="" 13.0290363""",
"=""3d6.(3H).4d""","=""2G""",8,"="" 13.0335915""",
"=""3d6.(5D).5d""","=""4D""",6,"="" 13.0341827""",
"=""3d6.(3F2).4d""","=""4G""",10,"="" 13.0375699""",
"=""3d6.(5D).5d""","=""6G""",6,"="" 13.0438578""",
"=""3d6.(5D).5d""","=""4G""",10,"="" 13.0445113""",
"=""3d6.(3H).4d""","=""4F""",8,"="" 13.0456930""",
"=""3d6.(5D).5d""","=""4D""",4,"="" 13.0468933""",
"=""3d6.(3P2).4d""","=""4P""",6,"="" 13.0473836""",
"=""3d6.(3P2).4d""","=""2D""",6,"="" 13.0479501""",
"=""3d6.(5D).5d""","=""6G""",4,"="" 13.0541176""",
"=""3d6.(3F2).4d""","=""4H""",14,"="" 13.0541566""",
"=""3d6.(3F2).4d""","=""4G""",8,"="" 13.0544220""",
"=""3d6.(3P2).4d""","=""2P""",4,"="" 13.0576934""",
"=""3d6.(3F2).4d""","=""4D""",6,"="" 13.0653835""",
"=""3d6.(3F2).4d""","=""4H""",12,"="" 13.0677952""",
"=""3d5.(2D3).4s.4p.(3P*)""","=""4F*""",10,"="" 13.068899""",
"=""3d6.(3F2).4d""","=""4G""",6,"="" 13.0696934""",
"=""3d6.(5D).5d""","=""4G""",8,"="" 13.0740788""",
"=""3d6.(3F2).4d""","=""4D""",4,"="" 13.0754025""",
"=""3d6.(3F2).4d""","=""4D""",2,"="" 13.0775959""",
"=""3d6.(3F2).4d""","=""4F""",4,"="" 13.0825823""",
"=""3d6.(3F2).4d""","=""4H""",10,"="" 13.0833683""",
"=""3d6.(3F2).4d""","=""4H""",8,"="" 13.0914511""",
"=""3d6.(5D).5d""","=""4G""",6,"="" 13.0965456""",
"=""3d6.(3F2).4d""","=""2H""",12,"="" 13.1129762""",
"=""3d6.(3F2).4d""","=""2F""",8,"="" 13.1144927""",
"=""3d6.(3H).4d""","=""2H""",10,"="" 13.1446413""",
"=""3d6.(3H).4d""","=""2H""",12,"="" 13.1479926""",
"=""3d6.(3F2).4d""","=""2H""",10,"="" 13.1544172""",
"=""3d5.(4D).4s.4p.(3P*)""","=""2P*""",2,"="" 13.1572589""",
"=""3d5.(2I).4s.4p.(3P*)""","=""2K*""",14,"="" 13.1650424""",
"=""3d6.(3F2).4d""","=""2F""",6,"="" 13.1681849""",
"=""3d5.(4F).4s.4p.(3P*)""","=""6F*""",6,"="" 13.1769574""",
"=""3d6.(5D).6p""","=""6D*""",10,"="" 13.1871128""",
"=""3d5.(4D).4s.4p.(3P*)""","=""2P*""",4,"="" 13.1917210""",
"=""3d5.(6S).4p2""","=""8P""",6,"="" 13.1925791""",
"=""3d5.(4F).4s.4p.(3P*)""","=""6F*""",2,"="" 13.2013658""",
"=""3d5.(4F).4s.4p.(3P*)""","=""6F*""",8,"="" 13.2015978""",
"=""3d5.(4F).4s.4p.(3P*)""","=""6F*""",4,"="" 13.2020022""",
"=""3d5.4s.(7S).4d""","=""6D""",10,"="" 13.2044447""",
"=""3d5.4s.(7S).4d""","=""6D""",8,"="" 13.2068727""",
"=""3d5.(2D3).4s.4p.(3P*)""","=""4P*""",6,"="" 13.2157601""",
"=""3d5.4s.(7S).5s""","=""6S""",6,"="" 13.2159291""",
"=""3d6.(5D).6p""","=""6D*""",8,"="" 13.2177775""",
"=""3d5.(4F).4s.4p.(3P*)""","=""6F*""",10,"="" 13.2197694""",
"=""3d5.4s.(7S).4d""","=""6D""",4,"="" 13.2207434""",
"=""3d5.4s.(7S).4d""","=""6D""",2,"="" 13.2212958""",
"=""3d5.(4F).4s.4p.(3P*)""","=""6F*""",12,"="" 13.2228468""",
"=""3d5.4s.(7S).4d""","=""6D""",6,"="" 13.2235251""",
"=""3d5.(2I).4s.4p.(3P*)""","=""2H*""",12,"="" 13.2279185""",
"=""3d6.(5D).6p""","=""4F*""",10,"="" 13.2302308""",
"=""3d6.(3H).4d""","=""4F""",10,"="" 13.2318648""",
"=""3d6.(3F2).4d""","=""4F""",8,"="" 13.2374489""",
"=""3d6.(5D).5d""","=""4P""",6,"="" 13.2411006""",
"=""3d6.(5D).6p""","=""6D*""",6,"="" 13.2432705""",
"=""3d5.(6S).4p2""","=""8P""",8,"="" 13.2459994""",
"=""3d5.(2D3).4s.4p.(3P*)""","=""4P*""",4,"="" 13.2466810""",
"=""3d6.(5D).5d""","=""4F""",4,"="" 13.2472961""",
"=""3d6.(5D).6p""","=""4D*""",8,"="" 13.2494003""",
"=""3d6.(3F2).4d""","=""4F""",6,"="" 13.2497908""",
"=""3d6.(5D).6p""","=""6F*""",12,"="" 13.2530078""",
"=""3d6.(3F2).4d""","=""2G""",8,"="" 13.2539571""",
"=""3d6.(3F2).4d""","=""2G""",10,"="" 13.2569411""",
"=""3d5.(2I).4s.4p.(3P*)""","=""2H*""",10,"="" 13.2671379""",
"=""3d5.(2D3).4s.4p.(3P*)""","=""4D*""",6,"="" 13.2685325""",
"=""3d5.(2D3).4s.4p.(3P*)""","=""4D*""",8,"="" 13.2710671""",
"=""3d6.(5D).6p""","=""6D*""",4,"="" 13.2717918""",
"=""3d6.(5D).5d""","=""4P""",4,"="" 13.2744861""",
"=""3d6.(5D).6p""","=""4P*""",6,"="" 13.2866266""",
"=""3d6.(5D).6p""","=""4F*""",8,"="" 13.2868609""",
"=""3d6.(5D).5d""","=""4P""",2,"="" 13.2881420""",
"=""3d6.(5D).6p""","=""6P*""",8,"="" 13.2907474""",
"=""3d6.(5D).6p""","=""6F*""",10,"="" 13.2933197""",
"=""3d5.(6S).4p2""","=""8P""",10,"="" 13.2935582""",
"=""3d6.(5D).6p""","=""6D*""",2,"="" 13.3014922""",
"=""3d5.(2F1).4s.4p.(3P*)""","=""4G*""",6,"="" 13.3032894""",
"=""3d5.(2D1).4s.4p.(3P*)""","=""4D*""",6,"="" 13.3123923""",
"=""3d6.(3F2).4d""","=""2D""",6,"="" 13.3168722""",
"=""3d6.(3F2).4d""","=""2D""",4,"="" 13.3197144""",
"=""3d5.(2D3).4s.4p.(3P*)""","=""4D*""",2,"="" 13.3226665""",
"=""3d5.(2F1).4s.4p.(3P*)""","=""4G*""",8,"="" 13.3233147""",
"=""3d6.(5D).6p""","=""4D*""",4,"="" 13.3281166""",
"=""3d6.(5D).6p""","=""6P*""",6,"="" 13.3314241""",
"=""3d6.(5D).6p""","=""6F*""",8,"="" 13.3320021""",
"=""3d6.(5D).6p""","=""6F*""",6,"="" 13.3372628""",
"=""3d6.(5D).6p""","=""6F*""",4,"="" 13.3413354""",
"=""3d6.(5D).6p""","=""4D*""",6,"="" 13.3475914""",
"=""3d5.(2F1).4s.4p.(3P*)""","=""4G*""",10,"="" 13.3498919""",
"=""3d5.(2F1).4s.4p.(3P*)""","=""4G*""",12,"="" 13.3556868""",
"=""3d6.(5D).6p""","=""6F*""",2,"="" 13.3559746""",
"=""3d5.(2D3).4s.4p.(3P*)""","=""2D*""",6,"="" 13.3566857""",
"=""3d6.(5D).6p""","=""4F*""",4,"="" 13.3576014""",
"=""3d6.(5D).6p""","=""4D*""",2,"="" 13.3593643""",
"=""3d6.(5D).6p""","=""6P*""",4,"="" 13.3688367""",
"=""3d5.(4F).4s.4p.(3P*)""","=""6D*""",8,"="" 13.3762669""",
"=""3d6.(5D).6p""","=""4P*""",4,"="" 13.3837539""",
"=""3d5.(4F).4s.4p.(3P*)""","=""6D*""",10,"="" 13.3861576""",
"=""3d6.(5D).6p""","=""4P*""",2,"="" 13.4010394""",
"=""3d6.(3F2).4d""","=""2P""",4,"="" 13.4034281""",
"=""3d5.(4F).4s.4p.(3P*)""","=""6D*""",6,"="" 13.4064786""",
"=""3d6.(3G).4d""","=""4H""",14,"="" 13.4068420""",
"=""3d6.(3G).4d""","=""4G""",12,"="" 13.4128045""",
"=""3d5.(4F).4s.4p.(3P*)""","=""6D*""",4,"="" 13.4140853""",
"=""3d5.(2F1).4s.4p.(3P*)""","=""4F*""",10,"="" 13.4172719""",
"=""3d5.(2F1).4s.4p.(3P*)""","=""4D*""",8,"="" 13.4199721""",
"=""3d6.(3G).4d""","=""4I""",16,"="" 13.4321750""",
"=""3d6.(3G).4d""","=""4D""",8,"="" 13.4355903""",
"=""3d6.(3P2).5p""","=""4S*""",4,"="" 13.4364452""",
"=""3d6.(3G).4d""","=""4H""",12,"="" 13.4383911""",
"=""3d6.(3G).4d""","=""4G""",10,"="" 13.4388341""",
"=""3d6.(3G).4d""","=""4I""",14,"="" 13.4478119""",
"=""3d6.(3H).5p""","=""4G*""",12,"="" 13.4502865""",
"=""3d5.(2F1).4s.4p.(3P*)""","=""4F*""",8,"="" 13.4545970""",
"=""3d6.(3G).4d""","=""4G""",8,"="" 13.4569502""",
"=""3d5.(2F1).4s.4p.(3P*)""","=""4F*""",6,"="" 13.4571796""",
"=""3d6.(3H).5p""","=""4G*""",10,"="" 13.4610958""",
"=""3d6.(3G).4d""","=""4H""",10,"="" 13.4619063""",
"=""3d6.(3G).4d""","=""4G""",6,"="" 13.4664169""",
"=""3d5.(4G).4s.4p.(1P*)""","=""4G*""",6,"="" 13.4683012""",
"=""3d6.(1I).5s""","=""2I""",12,"="" 13.4684564""",
"=""3d5.(4G).4s.4p.(1P*)""","=""4G*""",8,"="" 13.4685339""",
"=""3d6.(3G).4d""","=""4D""",6,"="" 13.4699471""",
"=""3d6.(1I).5s""","=""2I""",14,"="" 13.4707235""",
"=""3d6.(3D).5s""","=""4D""",4,"="" 13.4724082""",
"=""3d6.(3D).5s""","=""4D""",2,"="" 13.4730259""",
"=""3d6.(3G).4d""","=""4H""",8,"="" 13.4782508""",
"=""3d6.(3D).5s""","=""4D""",6,"="" 13.4786216""",
"=""3d6.(3H).5p""","=""4H*""",14,"="" 13.4806980""",
"=""3d6.(3G).4d""","=""4I""",12,"="" 13.4863948""",
"=""3d5.(2F1).4s.4p.(3P*)""","=""4F*""",4,"="" 13.4868634""",
"=""3d5.(2F1).4s.4p.(3P*)""","=""4D*""",2,"="" 13.4886264""",
"=""3d6.(3D).5s""","=""4D""",8,"="" 13.4900649""",
"=""3d6.(3P2).5p""","=""4P*""",6,"="" 13.4904140""",
"=""3d5.(4G).4s.(5G).4p""","=""4H*""",12,"="" 13.4906971""",
"=""3d6.(3G).4d""","=""4D""",4,"="" 13.4968562""",
"=""3d6.(3H).5p""","=""4H*""",10,"="" 13.4980302""",
"=""3d5.(4G).4s.4p.(1P*)""","=""4H*""",8,"="" 13.5027013""",
"=""3d6.(3G).4d""","=""4D""",2,"="" 13.5052424""",
"=""3d6.(3G).4d""","=""4I""",10,"="" 13.5054786""",
"=""3d6.(3P2).5p""","=""2D*""",6,"="" 13.5059231""",
"=""3d5.(2F1).4s.4p.(3P*)""","=""4D*""",4,"="" 13.5147266""",
"=""3d6.(3G).4d""","=""2I""",14,"="" 13.5204286""",
"=""3d5.(2I).4s.4p.(3P*)""","=""2I*""",14,"="" 13.5328270""",
"=""3d5.(2I).4s.4p.(3P*)""","=""2I*""",12,"="" 13.5479929""",
"=""3d6.(3G).4d""","=""2I""",12,"="" 13.5626165""",
"=""3d5.4s.(7S).4d""","=""8D""",4,"="" 13.5700574""",
"=""3d5.4s.(7S).4d""","=""8D""",6,"="" 13.5707684""",
"=""3d6.(3P2).5p""","=""4P*""",4,"="" 13.5708617""",
"=""3d5.4s.(7S).4d""","=""8D""",8,"="" 13.5717654""",
"=""3d5.4s.(7S).4d""","=""8D""",10,"="" 13.5730536""",
"=""3d5.4s.(7S).4d""","=""8D""",12,"="" 13.5746023""",
"=""3d6.(3P2).5p""","=""4P*""",2,"="" 13.5798687""",
"=""3d6.(3P2).5p""","=""4D*""",8,"="" 13.5824790""",
"=""3d5.(2G2).4s.4p.(3P*)""","=""4H*""",8,"="" 13.5851518""",
"=""3d6.(3H).5p""","=""4I*""",16,"="" 13.5876320""",
"=""3d6.(3D).5s""","=""2D""",4,"="" 13.5888631""",
"=""3d6.(3H).5p""","=""4I*""",14,"="" 13.5911111""",
"=""3d6.(3G).4d""","=""2G""",10,"="" 13.5917945""",
"=""3d6.(3D).5s""","=""2D""",6,"="" 13.5951452""",
"=""3d6.(3G).4d""","=""2H""",12,"="" 13.5989964""",
"=""3d6.(3H).5p""","=""4I*""",12,"="" 13.6087832""",
"=""3d5.(2G2).4s.4p.(3P*)""","=""4H*""",12,"="" 13.6127714""",
"=""3d6.(3G).4d""","=""4F""",10,"="" 13.6149454""",
"=""3d5.(2H).4s.4p.(3P*)""","=""4G*""",10,"="" 13.6196626""",
"=""3d6.(3G).4d""","=""2G""",8,"="" 13.6260522""",
"=""3d6.(3H).5p""","=""4I*""",10,"="" 13.6273745""",
"=""3d6.(3H).5p""","=""2I*""",14,"="" 13.6287933""",
"=""3d6.(3H).5p""","=""4G*""",8,"="" 13.6352538""",
"=""3d5.(2H).4s.4p.(3P*)""","=""4H*""",12,"="" 13.6358609""",
"=""3d6.(3G).4d""","=""2H""",10,"="" 13.6392921""",
"=""3d6.(3H).5p""","=""4G*""",6,"="" 13.6403590""",
"=""3d6.(3H).5p""","=""2G*""",10,"="" 13.6463166""",
"=""3d6.(3G).4d""","=""2D""",6,"="" 13.6464158""",
"=""3d6.(3F2).5p""","=""4F*""",8,"="" 13.6562198""",
"=""3d6.(3F2).5p""","=""4F*""",10,"="" 13.6589094""",
"=""3d6.(3G).4d""","=""4F""",8,"="" 13.6590048""",
"=""3d6.(3H).5p""","=""2I*""",12,"="" 13.6688867""",
"=""3d6.(3F1).5p""","=""4D*""",6,"="" 13.6743089""",
"=""3d5.(2G2).4s.4p.(3P*)""","=""4H*""",14,"="" 13.6814580""",
"=""3d6.(3F2).5p""","=""4F*""",4,"="" 13.6887084""",
"=""3d6.(3H).5p""","=""2G*""",8,"="" 13.6895752""",
"=""3d6.(3G).4d""","=""4F""",6,"="" 13.6913649""",
"=""3d6.(3G).4d""","=""2D""",4,"="" 13.6954523""",
"=""3d6.(3F2).5p""","=""4D*""",8,"="" 13.6964229""",
"=""3d6.(3P2).5p""","=""4D*""",6,"="" 13.7010694""",
"=""3d6.(3F2).5p""","=""4F*""",6,"="" 13.7087540""",
"=""3d6.(3G).4d""","=""2F""",8,"="" 13.7089715""",
"=""3d6.(3G).4d""","=""4F""",4,"="" 13.7138361""",
"=""3d6.(3G).4d""","=""2F""",6,"="" 13.7141191""",
"=""3d6.(3F2).5p""","=""4D*""",4,"="" 13.7183314""",
"=""3d5.(2F1).4s.4p.(3P*)""","=""2G*""",10,"="" 13.7201769""",
"=""3d6.(3H).5p""","=""2H*""",12,"="" 13.7211983""",
"=""3d6.(3H).5p""","=""2H*""",10,"="" 13.7553024""",
"=""3d6.(3F2).5p""","=""2G*""",10,"="" 13.8172472""",
"=""3d6.(3F2).5p""","=""2F*""",8,"="" 13.8342047""",
"=""3d6.(3H).5p""","=""4H*""",12,"="" 13.8361244""",
"=""3d5.(2H).4s.4p.(3P*)""","=""4I*""",10,"="" 13.8421908""",
"=""3d5.(4G).4s.(5G).4p""","=""4H*""",14,"="" 13.8429666""",
"=""3d6.(3H).5p""","=""4H*""",8,"="" 13.8534803""",
"=""3d6.(3F2).5p""","=""2G*""",8,"="" 13.8545352""",
"=""3d6.(3F2).5p""","=""2F*""",6,"="" 13.8655327""",
"=""3d6.(3F2).5p""","=""4G*""",12,"="" 13.8721967""",
"=""3d6.(3F2).5p""","=""4G*""",10,"="" 13.8787827""",
"=""3d5.(4F).4s.4p.(3P*)""","=""4G*""",10,"="" 13.8933642""",
"=""3d6.(3F2).5p""","=""4G*""",8,"="" 13.8952637""",
"=""3d6.(3F2).5p""","=""4G*""",6,"="" 13.8999028""",
"=""3d5.(2H).4s.4p.(3P*)""","=""4I*""",12,"="" 13.9068582""",
"=""3d6.(3G).5p""","=""4F*""",8,"="" 13.9149250""",
"=""3d5.(4F).4s.4p.(3P*)""","=""4G*""",12,"="" 13.9288936""",
"=""3d6.(5D).7s""","=""6D""",10,"="" 13.9354750""",
"=""3d6.(5D).7s""","=""6D""",8,"="" 13.9615627""",
"=""3d6.(5D).7s""","=""4D""",8,"="" 13.9948548""",
"=""3d6.(5D<4>).5f""","=""2[5]*""",12,"="" 13.9951894""",
"=""3d5.(6S).4p2""","=""6P""",6,"="" 13.9956459""",
"=""3d6.(5D<4>).5f""","=""2[6]*""",14,"="" 13.9966424""",
"=""3d6.(5D<4>).5f""","=""2[4]*""",10,"="" 13.9967077""",
"=""3d6.(5D<4>).5f""","=""2[3]*""",8,"="" 13.9993067""",
"=""3d5.(6S).4p2""","=""6P""",4,"="" 14.0012604""",
"=""3d6.(5D<4>).5f""","=""2[2]*""",6,"="" 14.0020687""",
"=""3d6.(5D<4>).5f""","=""2[5]*""",10,"="" 14.0027710""",
"=""3d5.(6S).4p2""","=""6P""",8,"="" 14.0060955""",
"=""3d6.(5D<4>).5f""","=""2[7]*""",16,"="" 14.0074326""",
"=""3d6.(5D).7s""","=""6D""",6,"="" 14.0086205""",
"=""3d6.(5D<4>).5f""","=""2[6]*""",12,"="" 14.0094825""",
"=""3d6.(5D<4>).5f""","=""2[7]*""",14,"="" 14.0115268""",
"=""3d6.(5D<4>).5g""","=""2[6]""",14,"="" 14.0152467""",
"=""3d6.(5D<4>).5g""","=""2[6]""",12,"="" 14.0152591""",
"=""3d6.(5D<4>).5g""","=""2[5]""",12,"="" 14.0157289""",
"=""3d6.(5D<4>).5g""","=""2[5]""",10,"="" 14.0157388""",
"=""3d6.(5D<4>).5g""","=""2[7]""",16,"="" 14.0165948""",
"=""3d6.(5D<4>).5g""","=""2[7]""",14,"="" 14.0166120""",
"=""3d6.(5D<4>).5g""","=""2[4]""",10,"="" 14.0172473""",
"=""3d6.(5D<4>).5g""","=""2[4]""",8,"="" 14.0172626""",
"=""3d6.(5D<4>).5g""","=""2[3]""",8,"="" 14.0192637""",
"=""3d6.(5D<4>).5g""","=""2[3]""",6,"="" 14.0192870""",
"=""3d6.(5D<4>).5g""","=""2[2]""",6,"="" 14.0212996""",
"=""3d6.(5D<4>).5g""","=""2[2]""",4,"="" 14.0213177""",
"=""3d6.(5D<4>).5g""","=""2[8]""",16,"="" 14.0213652""",
"=""3d6.(5D<4>).5g""","=""2[8]""",18,"="" 14.0213790""",
"=""3d6.(5D<4>).5g""","=""2[1]""",4,"="" 14.0229717""",
"=""3d6.(5D<4>).5g""","=""2[1]""",2,"="" 14.0229859""",
"=""3d6.(5D<4>).5g""","=""2[0]""",2,"="" 14.0239170""",
"=""3d6.(5D).7s""","=""6D""",4,"="" 14.0387743""",
"=""3d6.(5D).7s""","=""4D""",6,"="" 14.0395114""",
"=""3d6.(5D<3>).5f""","=""2[4]*""",8,"="" 14.0520023""",
"=""3d6.(5D<3>).5f""","=""2[3]*""",6,"="" 14.0529375""",
"=""3d6.(5D<3>).5f""","=""2[4]*""",10,"="" 14.0530687""",
"=""3d6.(5D<3>).5f""","=""2[5]*""",12,"="" 14.0541832""",
"=""3d6.(5D<3>).5f""","=""2[2]*""",4,"="" 14.0552242""",
"=""3d6.(5D).7s""","=""6D""",2,"="" 14.0561025""",
"=""3d6.(5D<3>).5f""","=""2[3]*""",8,"="" 14.0566004""",
"=""3d6.(5D<3>).5f""","=""2[2]*""",6,"="" 14.0569986""",
"=""3d6.(5D<3>).5f""","=""2[5]*""",10,"="" 14.0581539""",
"=""3d6.(5D<3>).5f""","=""2[6]*""",14,"="" 14.0583447""",
"=""3d6.(5D<3>).5f""","=""2[6]*""",12,"="" 14.0619920""",
"=""3d6.(5D).7s""","=""4D""",4,"="" 14.0698885""",
"=""3d6.(5D<3>).5g""","=""2[5]""",12,"="" 14.0713476""",
"=""3d6.(5D<3>).5g""","=""2[5]""",10,"="" 14.0713631""",
"=""3d6.(5D<3>).5g""","=""2[6]""",14,"="" 14.0716616""",
"=""3d6.(5D<3>).5g""","=""2[6]""",12,"="" 14.0716656""",
"=""3d6.(5D<3>).5g""","=""2[4]""",10,"="" 14.0716915""",
"=""3d6.(5D<3>).5g""","=""2[4]""",8,"="" 14.0717141""",
"=""3d6.(5D<3>).5g""","=""2[3]""",8,"="" 14.0723585""",
"=""3d6.(5D<3>).5g""","=""2[3]""",6,"="" 14.0723830""",
"=""3d6.(5D<3>).5g""","=""2[2]""",6,"="" 14.0731127""",
"=""3d6.(5D<3>).5g""","=""2[2]""",4,"="" 14.0731624""",
"=""3d6.(5D<3>).5g""","=""2[7]""",14,"="" 14.0733423""",
"=""3d6.(5D<3>).5g""","=""2[7]""",16,"="" 14.0733431""",
"=""3d6.(5D<3>).5g""","=""2[1]""",4,"="" 14.0737413""",
"=""3d6.(5D<3>).5g""","=""2[1]""",2,"="" 14.0737807""",
"=""3d6.(5D).6d""","=""6F""",12,"="" 14.0756894""",
"=""3d6.(5D).6d""","=""6F""",10,"="" 14.0792796""",
"=""3d6.(5D).7s""","=""4D""",2,"="" 14.0877969""",
"=""3d6.(5D<2>).5f""","=""2[2]*""",4,"="" 14.0891838""",
"=""3d6.(5D<2>).5f""","=""2[2]*""",6,"="" 14.0938409""",
"=""3d6.(5D<2>).5f""","=""2[5]*""",12,"="" 14.0943138""",
"=""3d6.(5D<2>).5f""","=""2[4]*""",8,"="" 14.0945335""",
"=""3d6.(5D<2>).5f""","=""2[1]*""",4,"="" 14.0948520""",
"=""3d6.(5D<2>).5f""","=""2[4]*""",10,"="" 14.0960624""",
"=""3d6.(5D).6d""","=""113716""",8,"="" 14.0990660""",
"=""3d6.(5D).6d""","=""6G""",14,"="" 14.1007091""",
"=""3d6.(5D).6d""","=""6F""",8,"="" 14.1036831""",
"=""3d6.(5D<2>).5f""","=""2[3]*""",6,"="" 14.1051952""",
"=""3d6.(5D<2>).5g""","=""2[2]""",6,"="" 14.1088197""",
"=""3d6.(5D<2>).5g""","=""2[2]""",4,"="" 14.1088199""",
"=""3d6.(5D<2>).5g""","=""2[6]""",14,"="" 14.1095483""",
"=""3d6.(5D<2>).5g""","=""2[6]""",12,"="" 14.1095509""",
"=""3d6.(5D<2>).5g""","=""2[3]""",8,"="" 14.1096090""",
"=""3d6.(5D<2>).5g""","=""2[3]""",6,"="" 14.1096247""",
"=""3d6.(5D<2>).5g""","=""2[4]""",10,"="" 14.1102948""",
"=""3d6.(5D<2>).5g""","=""2[4]""",8,"="" 14.1103288""",
"=""3d6.(5D<2>).5g""","=""2[5]""",12,"="" 14.1105768""",
"=""3d6.(5D<2>).5g""","=""2[5]""",10,"="" 14.1105830""",
"=""3d6.(3D).4d""","=""4P""",4,"="" 14.1122413""",
"=""3d6.(5D<1>).5f""","=""2[2]*""",4,"="" 14.1166218""",
"=""3d6.(5D).6d""","=""6G""",12,"="" 14.1177387""",
"=""3d6.(5D<1>).5f""","=""2[4]*""",8,"="" 14.1182225""",
"=""3d6.(5D<1>).5f""","=""2[4]*""",10,"="" 14.1184226""",
"=""3d6.(5D).6d""","=""6D""",6,"="" 14.1260791""",
"=""3d6.(5D).6d""","=""6D""",10,"="" 14.1288093""",
"=""3d6.(5D<1>).5g""","=""2[3]""",8,"="" 14.1320750""",
"=""3d6.(5D<1>).5g""","=""2[3]""",6,"="" 14.1320779""",
"=""3d6.(5D<0>).5f""","=""2[3]*""",8,"="" 14.1325995""",
"=""3d6.(5D<1>).5g""","=""2[5]""",12,"="" 14.1331316""",
"=""3d6.(5D<1>).5g""","=""2[5]""",10,"="" 14.1331327""",
"=""3d6.(5D).6d""","=""4D""",8,"="" 14.1354271""",
"=""3d6.(5D<1>).5g""","=""2[4]""",10,"="" 14.1368149""",
"=""3d6.(5D<1>).5g""","=""2[4]""",8,"="" 14.1368748""",
"=""3d6.(5D).6d""","=""114094""",6,"="" 14.1458834""",
"=""3d6.(5D<0>).5g""","=""2[4]""",10,"="" 14.1459384""",
"=""3d6.(5D<0>).5g""","=""2[4]""",8,"="" 14.1459608""",
"=""3d6.(3G).5p""","=""4H*""",12,"="" 14.1468316""",
"=""3d6.(3G).5p""","=""4H*""",14,"="" 14.1471506""",
"=""3d6.(5D).6d""","=""4G""",12,"="" 14.1537529""",
"=""3d6.(5D).6d""","=""4F""",10,"="" 14.1540577""",
"=""3d6.(5D).6d""","=""6D""",8,"="" 14.1556755""",
"=""3d6.(5D).6d""","=""114212""",8,"="" 14.1605300""",
"=""3d6.(5D).6d""","=""114242""",6,"="" 14.1642664""",
"=""3d6.(5D).6d""","=""6G""",10,"="" 14.1701853""",
"=""3d6.(5D).6d""","=""6F""",6,"="" 14.1722740""",
"=""3d6.(5D).6d""","=""114333""",8,"="" 14.1755723""",
"=""3d6.(5D).6d""","=""114352""",6,"="" 14.1779495""",
"=""3d6.(5D).6d""","=""114393""",4,"="" 14.1830292""",
"=""3d6.(5D).6d""","=""114395""",8,"="" 14.1832304""",
"=""3d6.(5D).6d""","=""114399""",4,"="" 14.1836894""",
"=""3d6.(5D).6d""","=""114428""",8,"="" 14.1873147""",
"=""3d6.(5D).6d""","=""114464""",4,"="" 14.1918354""",
"=""3d6.(5D).6d""","=""114470""",6,"="" 14.1925708""",
"=""3d6.(5D).6d""","=""114475""",6,"="" 14.1931935""",
"=""3d6.(5D).6d""","=""4G""",10,"="" 14.1940165""",
"=""3d6.(3G).5p""","=""2H*""",12,"="" 14.1981066""",
"=""3d6.(3G).5p""","=""4H*""",8,"="" 14.2043157""",
"=""3d6.(5D).6d""","=""114584""",6,"="" 14.2066561""",
"=""3d6.(5D).6d""","=""114596""",4,"="" 14.2081505""",
"=""3d6.(5D).6d""","=""4G""",8,"="" 14.2143044""",
"=""3d6.(5D).6d""","=""114673""",2,"="" 14.2177335""",
"=""3d6.(3G).5p""","=""2H*""",10,"="" 14.2297153""",
"=""3d6.(5D).6d""","=""4G""",6,"="" 14.2342003""",
"=""3d6.(3G).5p""","=""4G*""",12,"="" 14.2421732""",
"=""3d6.(3G).5p""","=""2G*""",10,"="" 14.2430563""",
"=""3d6.(5D).6d""","=""6P""",8,"="" 14.2557134""",
"=""3d6.(5D).6d""","=""6P""",4,"="" 14.2594058""",
"=""3d6.(3D).4d""","=""4F""",10,"="" 14.2619847""",
"=""3d6.(5D).6d""","=""6P""",6,"="" 14.2641201""",
"=""3d5.4s.(5S).5s""","=""6S""",6,"="" 14.3037135""",
"=""3d5.4s.(5S).5s""","=""4S""",4,"="" 14.3258610""",
"=""3d5.4s.(5S).4d""","=""6D""",2,"="" 14.4234787""",
"=""3d5.4s.(5S).4d""","=""6D""",10,"="" 14.4236948""",
"=""3d5.4s.(5S).4d""","=""6D""",4,"="" 14.4237924""",
"=""3d5.4s.(5S).4d""","=""6D""",6,"="" 14.4241541""",
"=""3d5.4s.(5S).4d""","=""6D""",8,"="" 14.4246036""",
"=""3d5.4p2""","=""4P""",6,"="" 14.6422335""",
"=""3d5.4p2""","=""4P""",4,"="" 14.6645221""",
"=""3d6.(5D<4>).6h""","=""2[7]*""",14,"="" 14.6857167""",
"=""3d6.(5D<4>).6h""","=""2[7]*""",16,"="" 14.6857179""",
"=""3d6.(5D<4>).6h""","=""2[6]*""",12,"="" 14.6857403""",
"=""3d6.(5D<4>).6h""","=""2[6]*""",14,"="" 14.6857410""",
"=""3d6.(5D<4>).6h""","=""2[5]*""",10,"="" 14.6861256""",
"=""3d6.(5D<4>).6h""","=""2[5]*""",12,"="" 14.6861256""",
"=""3d6.(5D<4>).6h""","=""2[8]*""",16,"="" 14.6862614""",
"=""3d6.(5D<4>).6h""","=""2[8]*""",18,"="" 14.6862633""",
"=""3d6.(5D<4>).6h""","=""2[4]*""",10,"="" 14.6867116""",
"=""3d6.(5D<4>).6h""","=""2[4]*""",8,"="" 14.6867118""",
"=""3d6.(5D<4>).6h""","=""2[3]*""",8,"="" 14.6873616""",
"=""3d6.(5D<4>).6h""","=""2[3]*""",6,"="" 14.6873623""",
"=""3d6.(5D<4>).6h""","=""2[9]*""",18,"="" 14.6876767""",
"=""3d6.(5D<4>).6h""","=""2[9]*""",20,"="" 14.6876795""",
"=""3d6.(5D<4>).6h""","=""2[2]*""",4,"="" 14.6879642""",
"=""3d6.(5D<4>).6h""","=""2[2]*""",6,"="" 14.6879652""",
"=""3d6.(5D<4>).6h""","=""2[1]*""",2,"="" 14.6884234""",
"=""3d6.(5D<4>).6h""","=""2[1]*""",4,"="" 14.6884246""",
"=""3d6.(5D<3>).6h""","=""2[6]*""",12,"="" 14.7404256""",
"=""3d6.(5D<3>).6h""","=""2[6]*""",14,"="" 14.7404270""",
"=""3d6.(5D<3>).6h""","=""2[5]*""",10,"="" 14.7405065""",
"=""3d6.(5D<3>).6h""","=""2[5]*""",12,"="" 14.7405071""",
"=""3d6.(5D<3>).6h""","=""2[7]*""",14,"="" 14.7405552""",
"=""3d6.(5D<3>).6h""","=""2[7]*""",16,"="" 14.7405570""",
"=""3d6.(5D<3>).6h""","=""2[4]*""",8,"="" 14.7407048""",
"=""3d6.(5D<3>).6h""","=""2[4]*""",10,"="" 14.7407056""",
"=""3d6.(5D<3>).6h""","=""2[3]*""",6,"="" 14.7409442""",
"=""3d6.(5D<3>).6h""","=""2[3]*""",8,"="" 14.7409444""",
"=""3d6.(5D<3>).6h""","=""2[8]*""",16,"="" 14.7409971""",
"=""3d6.(5D<3>).6h""","=""2[8]*""",18,"="" 14.7409971""",
"=""3d6.(5D<3>).6h""","=""2[2]*""",6,"="" 14.7411656""",
"=""3d6.(5D<3>).6h""","=""2[2]*""",4,"="" 14.7411670""",
"=""3d6.(5D<2>).6h""","=""2[3]*""",8,"="" 14.7778909""",
"=""3d6.(5D<2>).6h""","=""2[3]*""",6,"="" 14.7778917""",
"=""3d6.(5D<2>).6h""","=""2[7]*""",16,"="" 14.7780523""",
"=""3d6.(5D<2>).6h""","=""2[7]*""",14,"="" 14.7780548""",
"=""3d6.(5D<2>).6h""","=""2[4]*""",8,"="" 14.7782362""",
"=""3d6.(5D<2>).6h""","=""2[4]*""",10,"="" 14.7782369""",
"=""3d6.(5D<2>).6h""","=""2[5]*""",10,"="" 14.7784754""",
"=""3d6.(5D<2>).6h""","=""2[5]*""",12,"="" 14.7784757""",
"=""3d6.(5D<2>).6h""","=""2[6]*""",12,"="" 14.7784769""",
"=""3d6.(5D<2>).6h""","=""2[6]*""",14,"="" 14.7784779""",
"=""3d6.(5D<1>).6h""","=""2[4]*""",8,"="" 14.8011557""",
"=""3d6.(5D<1>).6h""","=""2[4]*""",10,"="" 14.8011648""",
"=""3d6.(5D<1>).6h""","=""2[6]*""",14,"="" 14.8019180""",
"=""3d6.(5D<1>).6h""","=""2[6]*""",12,"="" 14.8019192""",
"=""3d6.(5D<1>).6h""","=""2[5]*""",10,"="" 14.8032017""",
"=""3d6.(5D<1>).6h""","=""2[5]*""",12,"="" 14.8032036""",
"=""3d6.(5D<0>).6h""","=""2[5]*""",10,"="" 14.8140200""",
"=""3d6.(5D<0>).6h""","=""2[5]*""",12,"="" 14.8140221""",
"=""3d6.(3H).6s""","=""4H""",14,"="" 15.1092073""",
"=""3d6.(3H).6s""","=""4H""",10,"="" 15.1467502""",
"=""3d6.(3H).6s""","=""4H""",8,"="" 15.1629778""",
"=""3d6.(3H).6s""","=""2H""",12,"="" 15.1651318""",
"=""3d6.(3P2<2>).4f""","=""2[4]*""",10,"="" 15.1700991""",
"=""3d6.(3P2<2>).4f""","=""2[3]*""",8,"="" 15.1701620""",
"=""3d6.(3H).6s""","=""2H""",10,"="" 15.1971567""",
"=""3d6.(3H<6>).4f""","=""2[8]*""",16,"="" 15.2390124""",
"=""3d6.(3H<6>).4f""","=""2[3]*""",8,"="" 15.2434180""",
"=""3d6.(3H<6>).4f""","=""2[9]*""",18,"="" 15.2441967""",
"=""3d6.(3H<6>).4f""","=""2[9]*""",20,"="" 15.2443710""",
"=""3d6.(3H<6>).4f""","=""2[4]*""",10,"="" 15.2485928""",
"=""3d6.(3H<6>).4f""","=""2[7]*""",14,"="" 15.2488950""",
"=""3d6.(3H<6>).4f""","=""2[5]*""",12,"="" 15.2503423""",
"=""3d6.(3H<6>).4f""","=""2[8]*""",18,"="" 15.2510360""",
"=""3d6.(3H<6>).4f""","=""2[6]*""",14,"="" 15.2519656""",
"=""3d6.(3H<6>).4f""","=""2[7]*""",16,"="" 15.2523418""",
"=""3d6.(3H<6>).4f""","=""2[5]*""",10,"="" 15.2533240""",
"=""3d6.(3H<6>).4f""","=""2[6]*""",12,"="" 15.2547037""",
"=""3d6.(3H<5>).4f""","=""2[7]*""",14,"="" 15.2709730""",
"=""3d6.(3H<5>).4f""","=""2[8]*""",16,"="" 15.2739979""",
"=""3d6.(3H<5>).4f""","=""2[8]*""",18,"="" 15.2772402""",
"=""3d6.(3H<5>).4f""","=""2[7]*""",16,"="" 15.2796199""",
"=""3d6.(3H<5>).4f""","=""2[6]*""",14,"="" 15.2810098""",
"=""3d6.(3H<5>).4f""","=""2[6]*""",12,"="" 15.2812358""",
"=""3d6.(3H<5>).4f""","=""2[5]*""",12,"="" 15.2835763""",
"=""3d6.(3H<4>).4f""","=""2[6]*""",14,"="" 15.2941354""",
"=""3d6.(3H<4>).4f""","=""2[7]*""",16,"="" 15.2991859""",
"=""3d6.(3H<4>).4f""","=""2[7]*""",14,"="" 15.3014770""",
"=""3d6.(3H<4>).4f""","=""2[5]*""",12,"="" 15.3030140""",
"=""3d6.(3H<4>).4f""","=""2[3]*""",6,"="" 15.3033949""",
"=""3d6.(3H<4>).4f""","=""2[4]*""",8,"="" 15.3040200""",
"=""3d6.(3H<4>).4f""","=""2[5]*""",10,"="" 15.3040466""",
"=""3d6.(3H<4>).4f""","=""2[6]*""",12,"="" 15.3047457""",
"=""3d6.(3H<4>).4f""","=""2[4]*""",10,"="" 15.3071775""",
"=""3d6.(3P2<1>).4f""","=""2[4]*""",10,"="" 15.3281124""",
"=""3d6.(3H).5d""","=""4H""",14,"="" 15.3999198""",
"=""3d6.(3H).5d""","=""4K""",16,"="" 15.4108934""",
"=""3d6.(3F2<4>).4f""","=""2[6]*""",14,"="" 15.4236520""",
"=""3d6.(3F2<4>).4f""","=""2[7]*""",16,"="" 15.4263027""",
"=""3d6.(3F2<4>).4f""","=""2[7]*""",14,"="" 15.4281503""",
"=""3d6.(3H).5d""","=""2K""",16,"="" 15.4462457""",
"=""3d6.(3F2<3>).4f""","=""2[6]*""",14,"="" 15.4560319""",
"=""3d6.(3G<5>).4f""","=""2[6]*""",12,"="" 15.8058464""",
"=""3d6.(3G<5>).4f""","=""2[7]*""",16,"="" 15.8060861""",
"=""3d6.(3G<5>).4f""","=""2[7]*""",14,"="" 15.8098713""",
"=""3d6.(3G<5>).4f""","=""2[8]*""",16,"="" 15.8109780""",
"=""3d6.(3G<4>).4f""","=""2[5]*""",12,"="" 15.8537609""",
"=""3d6.(3G<4>).4f""","=""2[6]*""",14,"="" 15.8544846""",
"=""3d6.(3G<4>).4f""","=""2[7]*""",16,"="" 15.8567123""",
"=""3d6.(3G<4>).4f""","=""2[7]*""",14,"="" 15.8569894""",
"=""3d6.(3G<3>).4f""","=""2[5]*""",10,"="" 15.8768834""",
"=""3d6.(3G<3>).4f""","=""2[5]*""",12,"="" 15.8788027""",
"=""3d6.(3G<3>).4f""","=""2[6]*""",14,"="" 15.8836410""",
"=""3d6.(3H).5d""","=""4I""",16,"="" 15.9694815""",
"=""Fe III (3d6 5D<4>)""","=""Limit""",,"="" 16.19921""",
